id,Time,LOAD,ELONGATION,TIME,EXTENSION,,,Strain,Stess(N/m2),,,
1, 2025-09-04 13:12:12,0.01,0,141.9,0,,,0,5109.375,,Max Stress,108622246.9
2, 2025-09-04 13:12:12,0.01,0,0.1,0,,,0,5109.375,,,
3, 2025-09-04 13:12:12,0.16,0,0.2,0,,,0,81750,,,
4, 2025-09-04 13:12:12,2.952,0,0.4,0,,,0,1508287.5,,,
5, 2025-09-04 13:12:12,11.139,0,0.6,0,,,0,5691332.813,,,
6, 2025-09-04 13:12:13,21.708,0,0.9,0,,,0,11091431.25,,,
7, 2025-09-04 13:12:13,21.708,0,1,0,,,0,11091431.25,,,
8, 2025-09-04 13:12:13,28.113,0,1.1,0,,,0,14363985.94,,,
9, 2025-09-04 13:12:13,27.162,0,1.3,0,,,0,13878084.38,,,
10, 2025-09-04 13:12:13,26.562,0,1.6,0,,,0,13571521.88,,,
11, 2025-09-04 13:12:13,26.572,0,1.7,0,,,0,13576631.25,,,
12, 2025-09-04 13:12:14,26.912,0,1.8,0,,,0,13750350,,,
13, 2025-09-04 13:12:14,26.912,0,1.8,0,,,0,13750350,,,
14, 2025-09-04 13:12:14,27.543,0,2.1,0,,,0,14072751.56,,,
15, 2025-09-04 13:12:14,27.923,0,2.2,0,,,0,14266907.82,,,
16, 2025-09-04 13:12:14,28.794,0,2.3,0,,,0,14711934.38,,,
17, 2025-09-04 13:12:14,28.794,0,2.3,0,,,0,14711934.38,,,
18, 2025-09-04 13:12:14,29.864,0,2.6,0,,,0,15258637.5,,,
19, 2025-09-04 13:12:14,30.495,0,2.7,0,,,0,15581039.06,,,
20, 2025-09-04 13:12:15,32.016,0,2.8,0,,,0,16358175,,,
21, 2025-09-04 13:12:15,32.907,0,2.9,0,,,0,16813420.31,,,
22, 2025-09-04 13:12:15,33.878,0,3,0,,,0,17309540.63,,,
23, 2025-09-04 13:12:15,33.878,0,3.1,0,,,0,17309540.63,,,
24, 2025-09-04 13:12:15,34.909,0,3.1,0,,,0,17836317.18,,,
25, 2025-09-04 13:12:15,35.979,0,3.3,0,,,0,18383020.31,,,
26, 2025-09-04 13:12:15,38.271,0,3.5,0,,,0,19554089.06,,,
27, 2025-09-04 13:12:15,41.944,0,3.7,0,,,0,21430762.5,,,
28, 2025-09-04 13:12:16,52.863,0,3.9,0,,,0,27009689.06,,,
29, 2025-09-04 13:12:16,62.071,0,4.1,0,,,0,31714401.56,,,
30, 2025-09-04 13:12:16,70.378,0,4.3,0,,,0,35958759.37,,,
31, 2025-09-04 13:12:16,77.393,0,4.5,0,,,0,39542985.94,,,
32, 2025-09-04 13:12:17,83.158,0,4.8,0,,,0,42488540.62,,,
33, 2025-09-04 13:12:17,85.62,0,5,0,,,0,43746468.75,,,
34, 2025-09-04 13:12:17,87.872,0,5,0,,,0,44897100,,,
35, 2025-09-04 13:12:17,91.885,0,5.1,0,,,0,46947492.18,,,
36, 2025-09-04 13:12:17,95.468,0,5.3,0,,,0,48778181.25,,,
37, 2025-09-04 13:12:17,98.681,0,5.6,0,,,0,50419823.44,,,
38, 2025-09-04 13:12:18,101.583,0,5.8,0,,,0,51902564.06,,,
39, 2025-09-04 13:12:18,104.265,0,6,0,,,0,53272898.44,,,
40, 2025-09-04 13:12:18,104.265,0,6.1,0,,,0,53272898.44,,,
41, 2025-09-04 13:12:18,105.526,0,6.1,0,,,0,53917190.62,,,
42, 2025-09-04 13:12:18,107.928,0,6.2,0,,,0,55144462.5,,,
43, 2025-09-04 13:12:18,109.069,0,6.3,0,,,0,55727442.18,,,
44, 2025-09-04 13:12:18,111.261,0,6.5,0,,,0,56847417.19,,,
45, 2025-09-04 13:12:19,113.353,0,6.8,0,,,0,57916298.43,,,
46, 2025-09-04 13:12:19,115.354,0,7,0,,,0,58938684.37,,,
47, 2025-09-04 13:12:19,116.325,0,7.1,0,,,0,59434804.69,,,
48, 2025-09-04 13:12:19,116.325,0,7.2,0,,,0,59434804.69,,,
49, 2025-09-04 13:12:19,118.227,0,7.2,0,,,0,60406607.81,,,
50, 2025-09-04 13:12:19,120.078,0,7.4,0,,,0,61352353.13,,,
51, 2025-09-04 13:12:19,120.989,0,7.6,0,,,0,61817817.19,,,
52, 2025-09-04 13:12:19,120.989,0,7.7,0,,,0,61817817.19,,,
53, 2025-09-04 13:12:20,122.75,0,7.7,0,,,0,62717578.13,,,
54, 2025-09-04 13:12:20,124.452,0,8,0,,,0,63587193.75,,,
55, 2025-09-04 13:12:20,125.282,0,8.1,0,,,0,64011271.88,,,
56, 2025-09-04 13:12:20,126.924,0,8.2,0,,,0,64850231.25,,,
57, 2025-09-04 13:12:20,126.924,0,8.3,0,,,0,64850231.25,,,
58, 2025-09-04 13:12:20,127.724,0,8.3,0,,,0,65258981.25,,,
59, 2025-09-04 13:12:20,128.515,0,8.5,0,,,0,65663132.81,,,
60, 2025-09-04 13:12:20,130.066,0,8.7,0,,,0,66455596.87,,,
61, 2025-09-04 13:12:21,130.817,0,8.8,0,,,0,66839310.94,,,
62, 2025-09-04 13:12:21,133.039,0,9,0,,,0,67974614.06,,,
63, 2025-09-04 13:12:21,134.47,0,9.2,0,,,0,68705765.62,,,
64, 2025-09-04 13:12:21,135.17,0,9.4,0,,,0,69063421.88,,,
65, 2025-09-04 13:12:21,136.552,0,9.6,0,,,0,69769537.5,,,
66, 2025-09-04 13:12:22,138.573,0,9.9,0,,,0,70802142.19,,,
67, 2025-09-04 13:12:22,139.234,0,10,0,,,0,71139871.87,,,
68, 2025-09-04 13:12:22,141.145,0,10.2,0,,,0,72116273.43,,,
69, 2025-09-04 13:12:22,142.396,0,10.4,0,,,0,72755456.25,,,
70, 2025-09-04 13:12:22,143.617,0,10.7,0,,,0,73379310.93,,,
71, 2025-09-04 13:12:23,144.218,0,10.9,0.0062,,,0.000172222,73686384.38,,,
72, 2025-09-04 13:12:23,145.989,0,11,0.0062,,,0.000172222,74591254.69,,,
73, 2025-09-04 13:12:23,147.14,0,11.3,0.0062,,,0.000172222,75179343.75,,,
74, 2025-09-04 13:12:23,147.14,0,11.3,0.0452,,,0.001255556,75179343.75,,,
75, 2025-09-04 13:12:23,148.822,0,11.5,0.0452,,,0.001255556,76038740.62,,,
76, 2025-09-04 13:12:24,149.912,0,11.8,0.0592,,,0.001644444,76595662.5,,,
77, 2025-09-04 13:12:24,150.443,0,11.9,0.0592,,,0.001644444,76866970.32,,,
78, 2025-09-04 13:12:24,150.443,0,12,0.0592,,,0.001644444,76866970.32,,,
79, 2025-09-04 13:12:24,151.484,0,12,0.0592,,,0.001644444,77398856.25,,,
80, 2025-09-04 13:12:24,151.994,0,12.1,0.0592,,,0.001644444,77659434.38,,,
81, 2025-09-04 13:12:24,153.005,0,12.3,0.0592,,,0.001644444,78175992.19,,,
82, 2025-09-04 13:12:24,154.016,0,12.6,0.0592,,,0.001644444,78692550,,,
83, 2025-09-04 13:12:24,154.506,0,12.7,0.0717,,,0.001991667,78942909.38,,,
84, 2025-09-04 13:12:25,155.467,0,12.8,0.0717,,,0.001991667,79433920.31,,,
85, 2025-09-04 13:12:25,155.467,0,12.8,0.1138,,,0.003161111,79433920.31,,,
86, 2025-09-04 13:12:25,156.428,0,13.1,0.1138,,,0.003161111,79924931.25,,,
87, 2025-09-04 13:12:25,156.898,0,13.2,0.1138,,,0.003161111,80165071.87,,,
88, 2025-09-04 13:12:25,157.839,0,13.3,0.1293,,,0.003591667,80645864.06,,,
89, 2025-09-04 13:12:25,157.839,0,13.3,0.1293,,,0.003591667,80645864.06,,,
90, 2025-09-04 13:12:25,158.76,0,13.6,0.1293,,,0.003591667,81116437.5,,,
91, 2025-09-04 13:12:26,160.061,0,13.8,0.1293,,,0.003591667,81781167.19,,,
92, 2025-09-04 13:12:26,160.491,0,13.9,0.1293,,,0.003591667,82000870.31,,,
93, 2025-09-04 13:12:26,160.491,0,14,0.1293,,,0.003591667,82000870.31,,,
94, 2025-09-04 13:12:26,161.352,0,14.2,0.1418,,,0.003938889,82440787.5,,,
95, 2025-09-04 13:12:26,162.623,0,14.4,0.1418,,,0.003938889,83090189.07,,,
96, 2025-09-04 13:12:26,163.033,0,14.6,0.1839,,,0.005108333,83299673.43,,,
97, 2025-09-04 13:12:27,163.844,0,14.8,0.1948,,,0.005411111,83714043.75,,,
98, 2025-09-04 13:12:27,164.234,0,14.9,0.1948,,,0.005411111,83913309.38,,,
99, 2025-09-04 13:12:27,165.025,0,15.1,0.1948,,,0.005411111,84317460.93,,,
100, 2025-09-04 13:12:27,166.186,0,15.3,0.1948,,,0.005411111,84910659.37,,,
101, 2025-09-04 13:12:27,166.946,0,15.5,0.1948,,,0.005411111,85298971.88,,,
102, 2025-09-04 13:12:28,167.687,0,15.7,0.2119,,,0.005886111,85677576.57,,,
103, 2025-09-04 13:12:28,168.398,0,15.9,0.2119,,,0.005886111,86040853.13,,,
104, 2025-09-04 13:12:28,169.098,0,16.1,0.2509,,,0.006969444,86398509.38,,,
105, 2025-09-04 13:12:28,169.809,0,16.4,0.2649,,,0.007358333,86761785.94,,,
106, 2025-09-04 13:12:28,170.169,0,16.6,0.2649,,,0.007358333,86945723.44,,,
107, 2025-09-04 13:12:28,170.509,0,16.7,0.2649,,,0.007358333,87119442.18,,,
108, 2025-09-04 13:12:29,170.86,0,16.7,0.2649,,,0.007358333,87298781.25,,,
109, 2025-09-04 13:12:29,171.52,0,16.8,0.2649,,,0.007358333,87636000,,,
110, 2025-09-04 13:12:29,171.84,0,16.9,0.2649,,,0.007358333,87799500,,,
111, 2025-09-04 13:12:29,172.491,0,17.1,0.2649,,,0.007358333,88132120.31,,,
112, 2025-09-04 13:12:29,173.121,0,17.4,0.2649,,,0.007358333,88454010.94,,,
113, 2025-09-04 13:12:29,173.442,0,17.5,0.2649,,,0.007358333,88618021.88,,,
114, 2025-09-04 13:12:29,173.752,0,17.6,0.2821,,,0.007836111,88776412.5,,,
115, 2025-09-04 13:12:29,173.752,0,17.7,0.2821,,,0.007836111,88776412.5,,,
116, 2025-09-04 13:12:30,174.382,0,17.7,0.3195,,,0.008875,89098303.12,,,
117, 2025-09-04 13:12:30,175.013,0,17.9,0.3195,,,0.008875,89420704.69,,,
118, 2025-09-04 13:12:30,175.613,0,18.1,0.335,,,0.009305556,89727267.19,,,
119, 2025-09-04 13:12:30,176.194,0,18.4,0.335,,,0.009305556,90024121.87,,,
120, 2025-09-04 13:12:30,176.764,0,18.6,0.335,,,0.009305556,90315356.25,,,
121, 2025-09-04 13:12:30,177.045,0,18.7,0.335,,,0.009305556,90458929.69,,,
122, 2025-09-04 13:12:31,177.325,0,18.8,0.335,,,0.009305556,90601992.18,,,
123, 2025-09-04 13:12:31,177.605,0,18.9,0.335,,,0.009305556,90745054.69,,,
124, 2025-09-04 13:12:31,178.166,0,19,0.3522,,,0.009783333,91031690.63,,,
125, 2025-09-04 13:12:31,178.166,0,19.1,0.3522,,,0.009783333,91031690.63,,,
126, 2025-09-04 13:12:31,178.446,0,19.2,0.3522,,,0.009783333,91174753.13,,,
127, 2025-09-04 13:12:31,178.716,0,19.2,0.3911,,,0.010863889,91312706.25,,,
128, 2025-09-04 13:12:31,178.996,0,19.3,0.3911,,,0.010863889,91455768.75,,,
129, 2025-09-04 13:12:31,179.256,0,19.4,0.3911,,,0.010863889,91588612.5,,,
130, 2025-09-04 13:12:31,179.787,0,19.7,0.4052,,,0.011255556,91859920.31,,,
131, 2025-09-04 13:12:32,180.297,0,19.9,0.4052,,,0.011255556,92120498.44,,,
132, 2025-09-04 13:12:32,180.558,0,20,0.4052,,,0.011255556,92253853.13,,,
133, 2025-09-04 13:12:32,181.088,0,20.1,0.4052,,,0.011255556,92524650,,,
134, 2025-09-04 13:12:32,181.088,0,20.2,0.4052,,,0.011255556,92524650,,,
135, 2025-09-04 13:12:32,181.348,0,20.2,0.4052,,,0.011255556,92657493.75,,,
136, 2025-09-04 13:12:32,181.598,0,20.3,0.4052,,,0.011255556,92785228.13,,,
137, 2025-09-04 13:12:32,182.079,0,20.6,0.4192,,,0.011644444,93030989.06,,,
138, 2025-09-04 13:12:32,182.309,0,20.7,0.4192,,,0.011644444,93148504.69,,,
139, 2025-09-04 13:12:33,182.779,0,20.9,0.4644,,,0.0129,93388645.31,,,
140, 2025-09-04 13:12:33,183.47,0,21.1,0.4644,,,0.0129,93741703.13,,,
141, 2025-09-04 13:12:33,183.92,0,21.3,0.4784,,,0.013288889,93971625,,,
142, 2025-09-04 13:12:33,184.381,0,21.5,0.4784,,,0.013288889,94207167.18,,,
143, 2025-09-04 13:12:33,184.821,0,21.7,0.4784,,,0.013288889,94431979.69,,,
144, 2025-09-04 13:12:34,185.041,0,21.9,0.4784,,,0.013288889,94544385.93,,,
145, 2025-09-04 13:12:34,185.692,0,22.1,0.4924,,,0.013677778,94877006.25,,,
146, 2025-09-04 13:12:34,185.902,0,22.4,0.4924,,,0.013677778,94984303.12,,,
147, 2025-09-04 13:12:34,186.532,0,22.5,0.5361,,,0.014891667,95306193.75,,,
148, 2025-09-04 13:12:35,186.943,0,22.7,0.5501,,,0.015280556,95516189.06,,,
149, 2025-09-04 13:12:35,187.143,0,23,0.5501,,,0.015280556,95618376.56,,,
150, 2025-09-04 13:12:35,187.343,0,23,0.5501,,,0.015280556,95720564.07,,,
151, 2025-09-04 13:12:35,187.533,0,23.1,0.5501,,,0.015280556,95817642.19,,,
152, 2025-09-04 13:12:35,187.914,0,23.2,0.5501,,,0.015280556,96012309.38,,,
153, 2025-09-04 13:12:35,188.294,0,23.4,0.5501,,,0.015280556,96206465.63,,,
154, 2025-09-04 13:12:35,188.684,0,23.6,0.5501,,,0.015280556,96405731.25,,,
155, 2025-09-04 13:12:36,188.874,0,23.8,0.5641,,,0.015669444,96502809.38,,,
156, 2025-09-04 13:12:36,189.425,0,24,0.5641,,,0.015669444,96784335.94,,,
157, 2025-09-04 13:12:36,189.775,0,24.3,0.6062,,,0.016838889,96963164.06,,,
158, 2025-09-04 13:12:36,189.955,0,24.5,0.6202,,,0.017227778,97055132.81,,,
159, 2025-09-04 13:12:36,190.305,0,24.6,0.6202,,,0.017227778,97233960.94,,,
160, 2025-09-04 13:12:36,190.476,0,24.6,0.6202,,,0.017227778,97321331.25,,,
161, 2025-09-04 13:12:37,190.816,0,24.8,0.6202,,,0.017227778,97495050,,,
162, 2025-09-04 13:12:37,191.156,0,25.1,0.6202,,,0.017227778,97668768.75,,,
163, 2025-09-04 13:12:37,191.326,0,25.2,0.6202,,,0.017227778,97755628.12,,,
164, 2025-09-04 13:12:37,191.657,0,25.3,0.6202,,,0.017227778,97924748.44,,,
165, 2025-09-04 13:12:37,191.657,0,25.3,0.6327,,,0.017575,97924748.44,,,
166, 2025-09-04 13:12:37,191.827,0,25.4,0.6327,,,0.017575,98011607.81,,,
167, 2025-09-04 13:12:37,191.987,0,25.5,0.6327,,,0.017575,98093357.82,,,
168, 2025-09-04 13:12:38,192.307,0,25.7,0.6794,,,0.018872222,98256857.78,,,
169, 2025-09-04 13:12:38,192.607,0,26,0.6935,,,0.019263889,98410139.03,,,
170, 2025-09-04 13:12:38,192.918,0,26.2,0.6935,,,0.019263889,98569040.63,,,
171, 2025-09-04 13:12:38,193.228,0,26.4,0.6935,,,0.019263889,98727431.22,,,
172, 2025-09-04 13:12:38,193.378,0,26.5,0.6935,,,0.019263889,98804071.84,,,
173, 2025-09-04 13:12:38,193.528,0,26.6,0.6935,,,0.019263889,98880712.47,,,
174, 2025-09-04 13:12:38,193.838,0,26.7,0.6935,,,0.019263889,99039103.16,,,
175, 2025-09-04 13:12:39,193.838,0,26.8,0.6935,,,0.019263889,99039103.16,,,
176, 2025-09-04 13:12:39,193.988,0,26.8,0.7091,,,0.019697222,99115743.78,,,
177, 2025-09-04 13:12:39,194.289,0,27.1,0.7091,,,0.019697222,99269535.94,,,
178, 2025-09-04 13:12:39,194.559,0,27.2,0.7091,,,0.019697222,99407489.06,,,
179, 2025-09-04 13:12:39,194.559,0,27.3,0.7542,,,0.02095,99407489.06,,,
180, 2025-09-04 13:12:39,194.699,0,27.4,0.7542,,,0.02095,99479020.35,,,
181, 2025-09-04 13:12:39,194.979,0,27.6,0.7683,,,0.021341667,99622082.81,,,
182, 2025-09-04 13:12:40,195.4,0,27.8,0.7683,,,0.021341667,99837187.47,,,
183, 2025-09-04 13:12:40,195.53,0,27.9,0.7683,,,0.021341667,99903609.41,,,
184, 2025-09-04 13:12:40,195.66,0,28.2,0.7683,,,0.021341667,99970031.25,,,
185, 2025-09-04 13:12:40,195.92,0,28.4,0.7683,,,0.021341667,100102875,,,
186, 2025-09-04 13:12:40,196.18,0,28.5,0.7839,,,0.021775,100235718.7,,,
187, 2025-09-04 13:12:40,196.571,0,28.7,0.829,,,0.023027778,100435495.3,,,
188, 2025-09-04 13:12:41,196.821,0,28.9,0.829,,,0.023027778,100563229.7,,,
189, 2025-09-04 13:12:41,197.061,0,29.1,0.8446,,,0.023461111,100685854.7,,,
190, 2025-09-04 13:12:41,197.291,0,29.4,0.8446,,,0.023461111,100803370.3,,,
191, 2025-09-04 13:12:41,197.291,0,29.4,0.8446,,,0.023461111,100803370.3,,,
192, 2025-09-04 13:12:41,197.531,0,29.5,0.8446,,,0.023461111,100925995.3,,,
193, 2025-09-04 13:12:41,197.641,0,29.6,0.8446,,,0.023461111,100982198.4,,,
194, 2025-09-04 13:12:42,197.892,0,29.8,0.8446,,,0.023461111,101110443.8,,,
195, 2025-09-04 13:12:42,198.122,0,30,0.8446,,,0.023461111,101227959.4,,,
196, 2025-09-04 13:12:42,198.342,0,30.2,0.8587,,,0.023852778,101340365.6,,,
197, 2025-09-04 13:12:42,198.562,0,30.4,0.8587,,,0.023852778,101452771.8,,,
198, 2025-09-04 13:12:42,198.782,0,30.7,0.9007,,,0.025019444,101565178.2,,,
199, 2025-09-04 13:12:43,199.003,0,30.9,0.9007,,,0.025019444,101678095.3,,,
200, 2025-09-04 13:12:43,199.113,0,31,0.9148,,,0.025411111,101734298.4,,,
201, 2025-09-04 13:12:43,199.213,0,31.1,0.9148,,,0.025411111,101785392.2,,,
202, 2025-09-04 13:12:43,199.423,0,31.2,0.9148,,,0.025411111,101892689,,,
203, 2025-09-04 13:12:43,199.533,0,31.3,0.9148,,,0.025411111,101948892.2,,,
204, 2025-09-04 13:12:43,199.633,0,31.4,0.9148,,,0.025411111,101999985.9,,,
205, 2025-09-04 13:12:43,199.743,0,31.5,0.9148,,,0.025411111,102056189.1,,,
206, 2025-09-04 13:12:43,199.853,0,31.6,0.9148,,,0.025411111,102112392.2,,,
207, 2025-09-04 13:12:43,199.953,0,31.7,0.9148,,,0.025411111,102163485.9,,,
208, 2025-09-04 13:12:44,199.953,0,31.7,0.9335,,,0.025930556,102163485.9,,,
209, 2025-09-04 13:12:44,200.053,0,31.8,0.9335,,,0.025930556,102214579.7,,,
210, 2025-09-04 13:12:44,200.154,0,32,0.9335,,,0.025930556,102266184.4,,,
211, 2025-09-04 13:12:44,200.354,0,32.2,0.9787,,,0.027186111,102368371.9,,,
212, 2025-09-04 13:12:44,200.454,0,32.3,0.9787,,,0.027186111,102419465.6,,,
213, 2025-09-04 13:12:44,200.544,0,32.4,0.988,,,0.027444444,102465450,,,
214, 2025-09-04 13:12:44,200.824,0,32.6,0.988,,,0.027444444,102608512.5,,,
215, 2025-09-04 13:12:45,201.014,0,32.8,0.988,,,0.027444444,102705590.7,,,
216, 2025-09-04 13:12:45,201.194,0,33,0.988,,,0.027444444,102797559.4,,,
217, 2025-09-04 13:12:45,201.385,0,33.2,0.988,,,0.027444444,102895148.4,,,
218, 2025-09-04 13:12:45,201.575,0,33.4,1.0067,,,0.027963889,102992226.6,,,
219, 2025-09-04 13:12:45,201.665,0,33.7,1.0488,,,0.029133333,103038211,,,
220, 2025-09-04 13:12:46,201.845,0,33.9,1.0488,,,0.029133333,103130179.7,,,
221, 2025-09-04 13:12:46,201.935,0,33.9,1.0644,,,0.029566667,103176164.1,,,
222, 2025-09-04 13:12:46,202.175,0,34.1,1.0644,,,0.029566667,103298789.1,,,
223, 2025-09-04 13:12:46,202.345,0,34.3,1.0644,,,0.029566667,103385648.4,,,
224, 2025-09-04 13:12:46,202.525,0,34.5,1.0644,,,0.029566667,103477617.2,,,
225, 2025-09-04 13:12:47,202.696,0,34.7,1.0644,,,0.029566667,103564987.5,,,
226, 2025-09-04 13:12:47,202.846,0,35,1.0768,,,0.029911111,103641628.1,,,
227, 2025-09-04 13:12:47,203.006,0,35.2,1.1236,,,0.031211111,103723378.2,,,
228, 2025-09-04 13:12:47,203.166,0,35.4,1.1236,,,0.031211111,103805128.1,,,
229, 2025-09-04 13:12:47,203.236,0,35.5,1.1376,,,0.0316,103840893.7,,,
230, 2025-09-04 13:12:47,203.306,0,35.6,1.1376,,,0.0316,103876659.4,,,
231, 2025-09-04 13:12:47,203.376,0,35.7,1.1376,,,0.0316,103912425,,,
232, 2025-09-04 13:12:48,203.376,0,35.8,1.1376,,,0.0316,103912425,,,
233, 2025-09-04 13:12:48,203.536,0,35.9,1.1376,,,0.0316,103994175,,,
234, 2025-09-04 13:12:48,203.606,0,36,1.1376,,,0.0316,104029940.7,,,
235, 2025-09-04 13:12:48,203.686,0,36,1.1376,,,0.0316,104070815.6,,,
236, 2025-09-04 13:12:48,203.756,0,36.1,1.1376,,,0.0316,104106581.3,,,
237, 2025-09-04 13:12:48,203.817,0,36.2,1.1376,,,0.0316,104137748.4,,,
238, 2025-09-04 13:12:48,203.957,0,36.5,1.1563,,,0.032119444,104209279.7,,,
239, 2025-09-04 13:12:48,204.107,0,36.7,1.1563,,,0.032119444,104285920.3,,,
240, 2025-09-04 13:12:49,204.257,0,36.9,1.1563,,,0.032119444,104362561,,,
241, 2025-09-04 13:12:49,204.327,0,37,1.1563,,,0.032119444,104398326.6,,,
242, 2025-09-04 13:12:49,204.397,0,37.1,1.1984,,,0.033288889,104434092.2,,,
243, 2025-09-04 13:12:49,204.537,0,37.2,1.1984,,,0.033288889,104505623.4,,,
244, 2025-09-04 13:12:49,204.607,0,37.3,1.1984,,,0.033288889,104541389,,,
245, 2025-09-04 13:12:49,204.677,0,37.4,1.2171,,,0.033808333,104577154.7,,,
246, 2025-09-04 13:12:49,204.677,0,37.5,1.2171,,,0.033808333,104577154.7,,,
247, 2025-09-04 13:12:49,204.737,0,37.6,1.2171,,,0.033808333,104607811,,,
248, 2025-09-04 13:12:50,204.987,0,37.9,1.2171,,,0.033808333,104735545.3,,,
249, 2025-09-04 13:12:50,205.128,0,38.1,1.2171,,,0.033808333,104807587.5,,,
250, 2025-09-04 13:12:50,205.128,0,38.1,1.2311,,,0.034197222,104807587.5,,,
251, 2025-09-04 13:12:50,205.258,0,38.4,1.2311,,,0.034197222,104874009.3,,,
252, 2025-09-04 13:12:50,205.448,0,38.6,1.2779,,,0.035497222,104971087.5,,,
253, 2025-09-04 13:12:51,205.578,0,38.8,1.2779,,,0.035497222,105037509.4,,,
254, 2025-09-04 13:12:51,205.638,0,39.1,1.2919,,,0.035886111,105068165.6,,,
255, 2025-09-04 13:12:51,205.698,0,39.1,1.2919,,,0.035886111,105098821.9,,,
256, 2025-09-04 13:12:51,205.808,0,39.2,1.2919,,,0.035886111,105155025,,,
257, 2025-09-04 13:12:51,205.868,0,39.3,1.2919,,,0.035886111,105185681.3,,,
258, 2025-09-04 13:12:51,205.928,0,39.4,1.2919,,,0.035886111,105216337.5,,,
259, 2025-09-04 13:12:51,206.048,0,39.6,1.2919,,,0.035886111,105277650,,,
260, 2025-09-04 13:12:52,206.168,0,39.8,1.3106,,,0.036405556,105338962.5,,,
261, 2025-09-04 13:12:52,206.279,0,40.1,1.3106,,,0.036405556,105395676.6,,,
262, 2025-09-04 13:12:52,206.399,0,40.2,1.3542,,,0.037616667,105456989.1,,,
263, 2025-09-04 13:12:52,206.399,0,40.3,1.3542,,,0.037616667,105456989.1,,,
264, 2025-09-04 13:12:52,206.459,0,40.3,1.3682,,,0.038005556,105487645.3,,,
265, 2025-09-04 13:12:52,206.509,0,40.4,1.3682,,,0.038005556,105513192.2,,,
266, 2025-09-04 13:12:52,206.619,0,40.7,1.3682,,,0.038005556,105569395.3,,,
267, 2025-09-04 13:12:53,206.709,0,40.9,1.3682,,,0.038005556,105615379.7,,,
268, 2025-09-04 13:12:53,206.819,0,41,1.3682,,,0.038005556,105671582.8,,,
269, 2025-09-04 13:12:53,206.819,0,41.1,1.3682,,,0.038005556,105671582.8,,,
270, 2025-09-04 13:12:53,206.869,0,41.1,1.3682,,,0.038005556,105697129.7,,,
271, 2025-09-04 13:12:53,206.979,0,41.4,1.3854,,,0.038483333,105753332.8,,,
272, 2025-09-04 13:12:53,207.089,0,41.5,1.3854,,,0.038483333,105809536,,,
273, 2025-09-04 13:12:53,207.139,0,41.6,1.3854,,,0.038483333,105835082.8,,,
274, 2025-09-04 13:12:53,207.189,0,41.7,1.4337,,,0.039825,105860629.7,,,
275, 2025-09-04 13:12:54,207.239,0,41.9,1.4477,,,0.040213889,105886176.6,,,
276, 2025-09-04 13:12:54,207.339,0,42.1,1.4477,,,0.040213889,105937270.3,,,
277, 2025-09-04 13:12:54,207.429,0,42.3,1.4477,,,0.040213889,105983254.7,,,
278, 2025-09-04 13:12:54,207.52,0,42.5,1.4477,,,0.040213889,106029750,,,
279, 2025-09-04 13:12:54,207.62,0,42.7,1.4477,,,0.040213889,106080843.8,,,
280, 2025-09-04 13:12:55,207.74,0,42.9,1.4649,,,0.040691667,106142156.3,,,
281, 2025-09-04 13:12:55,207.82,0,43.1,1.4649,,,0.040691667,106183031.2,,,
282, 2025-09-04 13:12:55,207.91,0,43.3,1.5085,,,0.041902778,106229015.6,,,
283, 2025-09-04 13:12:55,207.96,0,43.6,1.5272,,,0.042422222,106254562.5,,,
284, 2025-09-04 13:12:55,208.02,0,43.7,1.5272,,,0.042422222,106285218.8,,,
285, 2025-09-04 13:12:56,208.17,0,43.8,1.5272,,,0.042422222,106361859.4,,,
286, 2025-09-04 13:12:56,208.25,0,44.1,1.5272,,,0.042422222,106402734.4,,,
287, 2025-09-04 13:12:56,208.33,0,44.3,1.5272,,,0.042422222,106443609.3,,,
288, 2025-09-04 13:12:56,208.37,0,44.4,1.5272,,,0.042422222,106464046.9,,,
289, 2025-09-04 13:12:56,208.41,0,44.5,1.5272,,,0.042422222,106484484.4,,,
290, 2025-09-04 13:12:56,208.41,0,44.6,1.5272,,,0.042422222,106484484.4,,,
291, 2025-09-04 13:12:56,208.49,0,44.6,1.5397,,,0.042769444,106525359.4,,,
292, 2025-09-04 13:12:57,208.58,0,44.8,1.5397,,,0.042769444,106571343.8,,,
293, 2025-09-04 13:12:57,208.66,0,45,1.588,,,0.044111111,106612218.7,,,
294, 2025-09-04 13:12:57,208.751,0,45.3,1.588,,,0.044111111,106658714.1,,,
295, 2025-09-04 13:12:57,208.751,0,45.4,1.6004,,,0.044455556,106658714.1,,,
296, 2025-09-04 13:12:57,208.841,0,45.4,1.6004,,,0.044455556,106704698.5,,,
297, 2025-09-04 13:12:57,208.921,0,45.6,1.6004,,,0.044455556,106745573.4,,,
298, 2025-09-04 13:12:58,209.031,0,45.9,1.6004,,,0.044455556,106801776.6,,,
299, 2025-09-04 13:12:58,209.031,0,46,1.6004,,,0.044455556,106801776.6,,,
300, 2025-09-04 13:12:58,209.091,0,46.2,1.616,,,0.044888889,106832432.8,,,
301, 2025-09-04 13:12:58,209.171,0,46.4,1.616,,,0.044888889,106873307.8,,,
302, 2025-09-04 13:12:58,209.211,0,46.5,1.616,,,0.044888889,106893745.3,,,
303, 2025-09-04 13:12:58,209.241,0,46.6,1.6628,,,0.046188889,106909073.4,,,
304, 2025-09-04 13:12:58,209.311,0,46.7,1.6628,,,0.046188889,106944839,,,
305, 2025-09-04 13:12:59,209.341,0,46.8,1.6628,,,0.046188889,106960167.2,,,
306, 2025-09-04 13:12:59,209.341,0,46.8,1.6815,,,0.046708333,106960167.2,,,
307, 2025-09-04 13:12:59,209.421,0,47.1,1.6815,,,0.046708333,107001042.2,,,
308, 2025-09-04 13:12:59,209.501,0,47.2,1.6815,,,0.046708333,107041917.2,,,
309, 2025-09-04 13:12:59,209.541,0,47.3,1.6815,,,0.046708333,107062354.7,,,
310, 2025-09-04 13:12:59,209.541,0,47.3,1.6815,,,0.046708333,107062354.7,,,
311, 2025-09-04 13:12:59,209.591,0,47.6,1.6815,,,0.046708333,107087901.6,,,
312, 2025-09-04 13:13:00,209.681,0,47.8,1.6955,,,0.047097222,107133886,,,
313, 2025-09-04 13:13:00,209.751,0,48.1,1.7454,,,0.048483333,107169651.6,,,
314, 2025-09-04 13:13:00,209.841,0,48.3,1.7454,,,0.048483333,107215635.9,,,
315, 2025-09-04 13:13:00,209.911,0,48.5,1.7609,,,0.048913889,107251401.5,,,
316, 2025-09-04 13:13:01,209.942,0,48.8,1.7609,,,0.048913889,107267240.7,,,
317, 2025-09-04 13:13:01,209.972,0,48.9,1.7609,,,0.048913889,107282568.8,,,
318, 2025-09-04 13:13:01,210.032,0,48.9,1.7609,,,0.048913889,107313225,,,
319, 2025-09-04 13:13:01,210.082,0,49.1,1.7609,,,0.048913889,107338771.8,,,
320, 2025-09-04 13:13:01,210.152,0,49.4,1.7781,,,0.049391667,107374537.5,,,
321, 2025-09-04 13:13:01,210.152,0,49.5,1.7781,,,0.049391667,107374537.5,,,
322, 2025-09-04 13:13:01,210.252,0,49.6,1.8248,,,0.050688889,107425631.3,,,
323, 2025-09-04 13:13:02,210.302,0,49.9,1.8248,,,0.050688889,107451178.2,,,
324, 2025-09-04 13:13:02,210.352,0,50.1,1.8435,,,0.051208333,107476725,,,
325, 2025-09-04 13:13:02,210.412,0,50.2,1.8435,,,0.051208333,107507381.2,,,
326, 2025-09-04 13:13:02,210.412,0,50.2,1.8435,,,0.051208333,107507381.2,,,
327, 2025-09-04 13:13:02,210.462,0,50.4,1.8435,,,0.051208333,107532928.1,,,
328, 2025-09-04 13:13:02,210.512,0,50.7,1.8435,,,0.051208333,107558475,,,
329, 2025-09-04 13:13:03,210.512,0,50.8,1.8435,,,0.051208333,107558475,,,
330, 2025-09-04 13:13:03,210.572,0,50.8,1.8435,,,0.051208333,107589131.3,,,
331, 2025-09-04 13:13:03,210.602,0,50.9,1.8435,,,0.051208333,107604459.4,,,
332, 2025-09-04 13:13:03,210.652,0,51.2,1.8591,,,0.051641667,107630006.2,,,
333, 2025-09-04 13:13:03,210.702,0,51.3,1.8591,,,0.051641667,107655553.1,,,
334, 2025-09-04 13:13:03,210.702,0,51.3,1.9059,,,0.052941667,107655553.1,,,
335, 2025-09-04 13:13:03,210.752,0,51.6,1.9059,,,0.052941667,107681100,,,
336, 2025-09-04 13:13:04,210.802,0,51.8,1.923,,,0.053416667,107706646.8,,,
337, 2025-09-04 13:13:04,210.832,0,51.9,1.923,,,0.053416667,107721975,,,
338, 2025-09-04 13:13:04,210.852,0,52,1.923,,,0.053416667,107732193.8,,,
339, 2025-09-04 13:13:04,210.882,0,52.1,1.923,,,0.053416667,107747521.9,,,
340, 2025-09-04 13:13:04,210.922,0,52.2,1.923,,,0.053416667,107767959.3,,,
341, 2025-09-04 13:13:04,210.932,0,52.3,1.923,,,0.053416667,107773068.8,,,
342, 2025-09-04 13:13:04,210.952,0,52.4,1.923,,,0.053416667,107783287.5,,,
343, 2025-09-04 13:13:04,210.952,0,52.4,1.923,,,0.053416667,107783287.5,,,
344, 2025-09-04 13:13:04,211.032,0,52.7,1.9417,,,0.053936111,107824162.5,,,
345, 2025-09-04 13:13:05,211.082,0,52.9,1.9417,,,0.053936111,107849709.4,,,
346, 2025-09-04 13:13:05,211.112,0,53,1.9885,,,0.055236111,107865037.5,,,
347, 2025-09-04 13:13:05,211.173,0,53.3,2.0025,,,0.055625,107896204.7,,,
348, 2025-09-04 13:13:05,211.213,0,53.5,2.0025,,,0.055625,107916642.2,,,
349, 2025-09-04 13:13:05,211.243,0,53.7,2.0025,,,0.055625,107931970.3,,,
350, 2025-09-04 13:13:06,211.273,0,54,2.0025,,,0.055625,107947298.4,,,
351, 2025-09-04 13:13:06,211.323,0,54.2,2.0212,,,0.056144444,107972845.3,,,
352, 2025-09-04 13:13:06,211.353,0,54.2,2.0212,,,0.056144444,107988173.4,,,
353, 2025-09-04 13:13:06,211.413,0,54.4,2.0695,,,0.057486111,108018829.7,,,
354, 2025-09-04 13:13:06,211.443,0,54.6,2.0695,,,0.057486111,108034157.8,,,
355, 2025-09-04 13:13:07,211.483,0,54.8,2.0835,,,0.057875,108054595.3,,,
356, 2025-09-04 13:13:07,211.513,0,55.1,2.0835,,,0.057875,108069923.4,,,
357, 2025-09-04 13:13:07,211.513,0,55.2,2.0835,,,0.057875,108069923.4,,,
358, 2025-09-04 13:13:07,211.533,0,55.3,2.0835,,,0.057875,108080142.2,,,
359, 2025-09-04 13:13:07,211.573,0,55.3,2.0835,,,0.057875,108100579.7,,,
360, 2025-09-04 13:13:07,211.593,0,55.4,2.0835,,,0.057875,108110798.4,,,
361, 2025-09-04 13:13:07,211.633,0,55.6,2.0835,,,0.057875,108131235.9,,,
362, 2025-09-04 13:13:08,211.663,0,55.9,2.1007,,,0.058352778,108146564,,,
363, 2025-09-04 13:13:08,211.683,0,56,2.1007,,,0.058352778,108156782.8,,,
364, 2025-09-04 13:13:08,211.693,0,56.1,2.1521,,,0.059780556,108161892.2,,,
365, 2025-09-04 13:13:08,211.733,0,56.2,2.1521,,,0.059780556,108182329.7,,,
366, 2025-09-04 13:13:08,211.733,0,56.3,2.163,,,0.060083333,108182329.7,,,
367, 2025-09-04 13:13:08,211.753,0,56.3,2.163,,,0.060083333,108192548.4,,,
368, 2025-09-04 13:13:08,211.763,0,56.4,2.163,,,0.060083333,108197657.8,,,
369, 2025-09-04 13:13:08,211.783,0,56.6,2.163,,,0.060083333,108207876.5,,,
370, 2025-09-04 13:13:09,211.803,0,56.8,2.163,,,0.060083333,108218095.3,,,
371, 2025-09-04 13:13:09,211.853,0,57.1,2.163,,,0.060083333,108243642.2,,,
372, 2025-09-04 13:13:09,211.893,0,57.3,2.1817,,,0.060602778,108264079.7,,,
373, 2025-09-04 13:13:09,211.913,0,57.4,2.1817,,,0.060602778,108274298.5,,,
374, 2025-09-04 13:13:09,211.923,0,57.5,2.1817,,,0.060602778,108279407.8,,,
375, 2025-09-04 13:13:09,211.943,0,57.6,2.2316,,,0.061988889,108289626.6,,,
376, 2025-09-04 13:13:09,211.953,0,57.7,2.2316,,,0.061988889,108294735.9,,,
377, 2025-09-04 13:13:10,211.973,0,57.8,2.2316,,,0.061988889,108304954.7,,,
378, 2025-09-04 13:13:10,211.983,0,57.9,2.2316,,,0.061988889,108310064.1,,,
379, 2025-09-04 13:13:10,212.013,0,58.2,2.2456,,,0.062377778,108325392.2,,,
380, 2025-09-04 13:13:10,212.053,0,58.4,2.2456,,,0.062377778,108345829.7,,,
381, 2025-09-04 13:13:10,212.083,0,58.6,2.2456,,,0.062377778,108361157.8,,,
382, 2025-09-04 13:13:11,212.093,0,58.9,2.2456,,,0.062377778,108366267.2,,,
383, 2025-09-04 13:13:11,212.103,0,59,2.2596,,,0.062766667,108371376.6,,,
384, 2025-09-04 13:13:11,212.123,0,59.1,2.2596,,,0.062766667,108381595.3,,,
385, 2025-09-04 13:13:11,212.153,0,59.3,2.311,,,0.064194444,108396923.5,,,
386, 2025-09-04 13:13:11,212.173,0,59.5,2.311,,,0.064194444,108407142.2,,,
387, 2025-09-04 13:13:12,212.193,0,59.8,2.3266,,,0.064627778,108417360.9,,,
388, 2025-09-04 13:13:12,212.223,0,60,2.3266,,,0.064627778,108432689.1,,,
389, 2025-09-04 13:13:12,212.223,0,60.1,2.3266,,,0.064627778,108432689.1,,,
390, 2025-09-04 13:13:12,212.253,0,60.1,2.3266,,,0.064627778,108448017.2,,,
391, 2025-09-04 13:13:12,212.273,0,60.3,2.3266,,,0.064627778,108458236,,,
392, 2025-09-04 13:13:12,212.293,0,60.5,2.3407,,,0.065019444,108468454.7,,,
393, 2025-09-04 13:13:13,212.313,0,60.7,2.3407,,,0.065019444,108478673.4,,,
394, 2025-09-04 13:13:13,212.323,0,61,2.3905,,,0.066402778,108483782.8,,,
395, 2025-09-04 13:13:13,212.333,0,61.2,2.3905,,,0.066402778,108488892.2,,,
396, 2025-09-04 13:13:13,212.364,0,61.3,2.4092,,,0.066922222,108504731.3,,,
397, 2025-09-04 13:13:13,212.374,0,61.4,2.4092,,,0.066922222,108509840.6,,,
398, 2025-09-04 13:13:13,212.374,0,61.5,2.4092,,,0.066922222,108509840.6,,,
399, 2025-09-04 13:13:13,212.384,0,61.5,2.4092,,,0.066922222,108514950,,,
400, 2025-09-04 13:13:14,212.404,0,61.8,2.4092,,,0.066922222,108525168.7,,,
401, 2025-09-04 13:13:14,212.414,0,61.9,2.4092,,,0.066922222,108530278.2,,,
402, 2025-09-04 13:13:14,212.424,0,62,2.4092,,,0.066922222,108535387.5,,,
403, 2025-09-04 13:13:14,212.424,0,62,2.4248,,,0.067355556,108535387.5,,,
404, 2025-09-04 13:13:14,212.424,0,62.1,2.4248,,,0.067355556,108535387.5,,,
405, 2025-09-04 13:13:14,212.444,0,62.4,2.4716,,,0.068655556,108545606.3,,,
406, 2025-09-04 13:13:14,212.464,0,62.6,2.4716,,,0.068655556,108555825,,,
407, 2025-09-04 13:13:14,212.474,0,62.7,2.4716,,,0.068655556,108560934.4,,,
408, 2025-09-04 13:13:15,212.484,0,62.8,2.4903,,,0.069175,108566043.8,,,
409, 2025-09-04 13:13:15,212.494,0,62.9,2.4903,,,0.069175,108571153.1,,,
410, 2025-09-04 13:13:15,212.494,0,63,2.4903,,,0.069175,108571153.1,,,
411, 2025-09-04 13:13:15,212.494,0,63.1,2.4903,,,0.069175,108571153.1,,,
412, 2025-09-04 13:13:15,212.494,0,63.1,2.4903,,,0.069175,108571153.1,,,
413, 2025-09-04 13:13:15,212.514,0,63.4,2.4903,,,0.069175,108581371.9,,,
414, 2025-09-04 13:13:15,212.514,0,63.5,2.4903,,,0.069175,108581371.9,,,
415, 2025-09-04 13:13:15,212.524,0,63.6,2.4903,,,0.069175,108586481.2,,,
416, 2025-09-04 13:13:16,212.534,0,63.8,2.5074,,,0.06965,108591590.7,,,
417, 2025-09-04 13:13:16,212.534,0,64,2.5557,,,0.070991667,108591590.7,,,
418, 2025-09-04 13:13:16,212.544,0,64.2,2.5557,,,0.070991667,108596700,,,
419, 2025-09-04 13:13:16,212.574,0,64.4,2.5557,,,0.070991667,108612028.1,,,
420, 2025-09-04 13:13:16,212.574,0,64.6,2.5729,,,0.071469444,108612028.1,,,
421, 2025-09-04 13:13:17,212.564,0,64.8,2.5729,,,0.071469444,108606918.8,,,
422, 2025-09-04 13:13:17,212.564,0,65,2.5729,,,0.071469444,108606918.8,,,
423, 2025-09-04 13:13:17,212.584,0,65.3,2.5729,,,0.071469444,108617137.5,,,
424, 2025-09-04 13:13:17,212.594,0,65.5,2.5916,,,0.071988889,108622246.9,,,
425, 2025-09-04 13:13:17,212.594,0,65.7,2.5916,,,0.071988889,108622246.9,,,
426, 2025-09-04 13:13:18,212.594,0,65.8,2.6383,,,0.073286111,108622246.9,,,
427, 2025-09-04 13:13:18,212.594,0,65.8,2.6383,,,0.073286111,108622246.9,,,
428, 2025-09-04 13:13:18,212.594,0,65.9,2.6383,,,0.073286111,108622246.9,,,
429, 2025-09-04 13:13:18,212.584,0,66.1,2.6539,,,0.073719444,108617137.5,,,
430, 2025-09-04 13:13:18,212.584,0,66.3,2.6539,,,0.073719444,108617137.5,,,
431, 2025-09-04 13:13:18,212.594,0,66.5,2.6539,,,0.073719444,108622246.9,,,
432, 2025-09-04 13:13:19,212.594,0,66.8,2.6539,,,0.073719444,108622246.9,,,
433, 2025-09-04 13:13:19,212.584,0,67,2.6539,,,0.073719444,108617137.5,,,
434, 2025-09-04 13:13:19,212.574,0,67.1,2.6664,,,0.074066667,108612028.1,,,
435, 2025-09-04 13:13:19,212.574,0,67.2,2.6664,,,0.074066667,108612028.1,,,
436, 2025-09-04 13:13:19,212.574,0,67.3,2.6664,,,0.074066667,108612028.1,,,
437, 2025-09-04 13:13:19,212.574,0,67.4,2.7193,,,0.075536111,108612028.1,,,
438, 2025-09-04 13:13:19,212.574,0,67.5,2.7193,,,0.075536111,108612028.1,,,
439, 2025-09-04 13:13:19,212.574,0,67.6,2.7365,,,0.076013889,108612028.1,,,
440, 2025-09-04 13:13:19,212.574,0,67.7,2.7365,,,0.076013889,108612028.1,,,
441, 2025-09-04 13:13:20,212.574,0,67.7,2.7365,,,0.076013889,108612028.1,,,
442, 2025-09-04 13:13:20,212.564,0,67.8,2.7365,,,0.076013889,108606918.8,,,
443, 2025-09-04 13:13:20,212.554,0,68.1,2.7365,,,0.076013889,108601809.3,,,
444, 2025-09-04 13:13:20,212.554,0,68.3,2.7365,,,0.076013889,108601809.3,,,
445, 2025-09-04 13:13:20,212.544,0,68.5,2.7505,,,0.076402778,108596700,,,
446, 2025-09-04 13:13:20,212.524,0,68.6,2.7505,,,0.076402778,108586481.2,,,
447, 2025-09-04 13:13:20,212.514,0,68.7,2.7505,,,0.076402778,108581371.9,,,
448, 2025-09-04 13:13:21,212.494,0,68.8,2.7505,,,0.076402778,108571153.1,,,
449, 2025-09-04 13:13:21,212.494,0,68.9,2.8035,,,0.077875,108571153.1,,,
450, 2025-09-04 13:13:21,212.484,0,69,2.8035,,,0.077875,108566043.8,,,
451, 2025-09-04 13:13:21,212.484,0,69.1,2.8175,,,0.078263889,108566043.8,,,
452, 2025-09-04 13:13:21,212.484,0,69.2,2.8175,,,0.078263889,108566043.8,,,
453, 2025-09-04 13:13:21,212.494,0,69.4,2.8175,,,0.078263889,108571153.1,,,
454, 2025-09-04 13:13:21,212.474,0,69.6,2.8175,,,0.078263889,108560934.4,,,
455, 2025-09-04 13:13:22,212.454,0,69.8,2.8175,,,0.078263889,108550715.6,,,
456, 2025-09-04 13:13:22,212.434,0,70,2.8362,,,0.078783333,108540496.8,,,
457, 2025-09-04 13:13:22,212.404,0,70.2,2.8362,,,0.078783333,108525168.7,,,
458, 2025-09-04 13:13:22,212.364,0,70.5,2.8861,,,0.080169444,108504731.3,,,
459, 2025-09-04 13:13:22,212.353,0,70.7,2.9001,,,0.080558333,108499110.9,,,
460, 2025-09-04 13:13:23,212.343,0,70.9,2.9001,,,0.080558333,108494001.6,,,
461, 2025-09-04 13:13:23,212.333,0,71,2.9001,,,0.080558333,108488892.2,,,
462, 2025-09-04 13:13:23,212.313,0,71,2.9001,,,0.080558333,108478673.4,,,
463, 2025-09-04 13:13:23,212.273,0,71.1,2.9001,,,0.080558333,108458236,,,
464, 2025-09-04 13:13:23,212.253,0,71.2,2.9001,,,0.080558333,108448017.2,,,
465, 2025-09-04 13:13:23,212.233,0,71.3,2.9001,,,0.080558333,108437798.4,,,
466, 2025-09-04 13:13:23,212.203,0,71.5,2.9001,,,0.080558333,108422470.3,,,
467, 2025-09-04 13:13:24,212.173,0,71.7,2.9001,,,0.080558333,108407142.2,,,
468, 2025-09-04 13:13:24,212.133,0,72,2.9188,,,0.081077778,108386704.7,,,
469, 2025-09-04 13:13:24,212.113,0,72.1,2.9188,,,0.081077778,108376485.9,,,
470, 2025-09-04 13:13:24,212.113,0,72.1,2.9702,,,0.082505556,108376485.9,,,
471, 2025-09-04 13:13:24,212.053,0,72.3,2.9702,,,0.082505556,108345829.7,,,
472, 2025-09-04 13:13:24,212.013,0,72.5,2.9843,,,0.082897222,108325392.2,,,
473, 2025-09-04 13:13:25,211.973,0,72.7,2.9843,,,0.082897222,108304954.7,,,
474, 2025-09-04 13:13:25,211.913,0,73,2.9843,,,0.082897222,108274298.5,,,
475, 2025-09-04 13:13:25,211.863,0,73.2,2.9843,,,0.082897222,108248751.6,,,
476, 2025-09-04 13:13:25,211.783,0,73.4,2.9998,,,0.083327778,108207876.5,,,
477, 2025-09-04 13:13:25,211.753,0,73.5,2.9998,,,0.083327778,108192548.4,,,
478, 2025-09-04 13:13:25,211.683,0,73.6,2.9998,,,0.083327778,108156782.8,,,
479, 2025-09-04 13:13:25,211.653,0,73.7,2.9998,,,0.083327778,108141454.7,,,
480, 2025-09-04 13:13:26,211.623,0,73.8,3.0497,,,0.084713889,108126126.6,,,
481, 2025-09-04 13:13:26,211.623,0,73.9,3.0497,,,0.084713889,108126126.6,,,
482, 2025-09-04 13:13:26,211.593,0,73.9,3.0637,,,0.085102778,108110798.4,,,
483, 2025-09-04 13:13:26,211.553,0,74.1,3.0637,,,0.085102778,108090361,,,
484, 2025-09-04 13:13:26,211.453,0,74.4,3.0637,,,0.085102778,108039267.2,,,
485, 2025-09-04 13:13:26,211.353,0,74.6,3.0637,,,0.085102778,107988173.4,,,
486, 2025-09-04 13:13:27,211.273,0,74.8,3.0637,,,0.085102778,107947298.4,,,
487, 2025-09-04 13:13:27,211.183,0,75,3.0778,,,0.085494444,107901314,,,
488, 2025-09-04 13:13:27,211.133,0,75.3,3.0778,,,0.085494444,107875767.2,,,
489, 2025-09-04 13:13:27,210.982,0,75.4,3.1339,,,0.087052778,107798615.6,,,
490, 2025-09-04 13:13:27,210.872,0,75.7,3.1494,,,0.087483333,107742412.5,,,
491, 2025-09-04 13:13:28,210.772,0,75.9,3.1494,,,0.087483333,107691318.7,,,
492, 2025-09-04 13:13:28,210.772,0,76,3.1494,,,0.087483333,107691318.7,,,
493, 2025-09-04 13:13:28,210.662,0,76.1,3.1494,,,0.087483333,107635115.7,,,
494, 2025-09-04 13:13:28,210.602,0,76.1,3.1494,,,0.087483333,107604459.4,,,
495, 2025-09-04 13:13:28,210.542,0,76.2,3.1494,,,0.087483333,107573803.2,,,
496, 2025-09-04 13:13:28,210.482,0,76.3,3.1494,,,0.087483333,107543146.9,,,
497, 2025-09-04 13:13:28,210.362,0,76.5,3.1635,,,0.087875,107481834.4,,,
498, 2025-09-04 13:13:29,210.232,0,76.7,3.2149,,,0.089302778,107415412.5,,,
499, 2025-09-04 13:13:29,210.092,0,77,3.2149,,,0.089302778,107343881.3,,,
500, 2025-09-04 13:13:29,209.952,0,77.1,3.2149,,,0.089302778,107272350,,,
501, 2025-09-04 13:13:29,209.881,0,77.2,3.2367,,,0.089908333,107236073.4,,,
502, 2025-09-04 13:13:29,209.881,0,77.3,3.2367,,,0.089908333,107236073.4,,,
503, 2025-09-04 13:13:29,209.731,0,77.4,3.2367,,,0.089908333,107159432.8,,,
504, 2025-09-04 13:13:29,209.571,0,77.7,3.2367,,,0.089908333,107077682.8,,,
505, 2025-09-04 13:13:30,209.421,0,77.9,3.2367,,,0.089908333,107001042.2,,,
506, 2025-09-04 13:13:30,209.251,0,78.1,3.2507,,,0.090297222,106914182.8,,,
507, 2025-09-04 13:13:30,209.171,0,78.2,3.2507,,,0.090297222,106873307.8,,,
508, 2025-09-04 13:13:30,209.001,0,78.3,3.2507,,,0.090297222,106786448.4,,,
509, 2025-09-04 13:13:30,208.831,0,78.5,3.2507,,,0.090297222,106699589,,,
510, 2025-09-04 13:13:30,208.741,0,78.6,3.2507,,,0.090297222,106653604.7,,,
511, 2025-09-04 13:13:30,208.64,0,78.7,3.299,,,0.091638889,106602000,,,
512, 2025-09-04 13:13:31,208.55,0,79,3.3131,,,0.092030556,106556015.7,,,
513, 2025-09-04 13:13:31,208.35,0,79.2,3.3131,,,0.092030556,106453828.1,,,
514, 2025-09-04 13:13:31,208.15,0,79.3,3.3131,,,0.092030556,106351640.6,,,
515, 2025-09-04 13:13:31,208.04,0,79.4,3.3131,,,0.092030556,106295437.5,,,
516, 2025-09-04 13:13:31,207.71,0,79.6,3.3131,,,0.092030556,106126828.2,,,
517, 2025-09-04 13:13:32,207.48,0,79.8,3.3318,,,0.09255,106009312.5,,,
518, 2025-09-04 13:13:32,207.249,0,80,3.3318,,,0.09255,105891285.9,,,
519, 2025-09-04 13:13:32,207.009,0,80.3,3.3785,,,0.093847222,105768660.9,,,
520, 2025-09-04 13:13:32,206.889,0,80.4,3.391,,,0.094194444,105707348.4,,,
521, 2025-09-04 13:13:32,206.529,0,80.6,3.391,,,0.094194444,105523410.9,,,
522, 2025-09-04 13:13:33,206.289,0,80.8,3.391,,,0.094194444,105400785.9,,,
523, 2025-09-04 13:13:33,206.038,0,81.1,3.391,,,0.094194444,105272540.6,,,
524, 2025-09-04 13:13:33,205.768,0,81.3,3.391,,,0.094194444,105134587.5,,,
525, 2025-09-04 13:13:33,205.638,0,81.4,3.391,,,0.094194444,105068165.6,,,
526, 2025-09-04 13:13:33,205.498,0,81.5,3.4097,,,0.094713889,104996634.3,,,
527, 2025-09-04 13:13:33,205.228,0,81.6,3.4097,,,0.094713889,104858681.2,,,
528, 2025-09-04 13:13:33,205.078,0,81.7,3.4564,,,0.096011111,104782040.6,,,
529, 2025-09-04 13:13:34,204.927,0,81.8,3.4564,,,0.096011111,104704889.1,,,
530, 2025-09-04 13:13:34,204.777,0,81.9,3.4564,,,0.096011111,104628248.4,,,
531, 2025-09-04 13:13:34,204.777,0,82,3.472,,,0.096444444,104628248.4,,,
532, 2025-09-04 13:13:34,204.627,0,82.1,3.472,,,0.096444444,104551607.8,,,
533, 2025-09-04 13:13:34,204.327,0,82.3,3.472,,,0.096444444,104398326.6,,,
534, 2025-09-04 13:13:34,203.857,0,82.5,3.472,,,0.096444444,104158185.9,,,
535, 2025-09-04 13:13:34,203.696,0,82.6,3.472,,,0.096444444,104075925,,,
536, 2025-09-04 13:13:34,203.536,0,82.7,3.472,,,0.096444444,103994175,,,
537, 2025-09-04 13:13:35,203.366,0,82.8,3.472,,,0.096444444,103907315.7,,,
538, 2025-09-04 13:13:35,203.366,0,82.9,3.4938,,,0.09705,103907315.7,,,
539, 2025-09-04 13:13:35,203.206,0,82.9,3.4938,,,0.09705,103825565.6,,,
540, 2025-09-04 13:13:35,203.036,0,83.1,3.4938,,,0.09705,103738706.3,,,
541, 2025-09-04 13:13:35,202.686,0,83.3,3.5375,,,0.098263889,103559878.1,,,
542, 2025-09-04 13:13:35,202.335,0,83.5,3.5562,,,0.098783333,103380539.1,,,
543, 2025-09-04 13:13:35,201.805,0,83.7,3.5562,,,0.098783333,103109742.2,,,
544, 2025-09-04 13:13:36,201.615,0,83.8,3.5562,,,0.098783333,103012664.1,,,
545, 2025-09-04 13:13:36,201.054,0,84.1,3.5562,,,0.098783333,102726028.1,,,
546, 2025-09-04 13:13:36,200.684,0,84.3,3.5562,,,0.098783333,102536981.3,,,
547, 2025-09-04 13:13:36,200.284,0,84.5,3.5749,,,0.099302778,102332606.2,,,
548, 2025-09-04 13:13:36,199.873,0,84.7,3.6247,,,0.100686111,102122610.9,,,
549, 2025-09-04 13:13:37,199.473,0,84.9,3.6247,,,0.100686111,101918235.9,,,
550, 2025-09-04 13:13:37,199.043,0,85.1,3.6247,,,0.100686111,101698532.8,,,
551, 2025-09-04 13:13:37,198.832,0,85.3,3.6388,,,0.101077778,101590725,,,
552, 2025-09-04 13:13:37,198.172,0,85.5,3.6388,,,0.101077778,101253506.2,,,
553, 2025-09-04 13:13:38,197.722,0,85.7,3.6388,,,0.101077778,101023584.3,,,
554, 2025-09-04 13:13:38,197.251,0,86,3.6388,,,0.101077778,100782932.8,,,
555, 2025-09-04 13:13:38,196.771,0,86.2,3.6388,,,0.101077778,100537682.8,,,
556, 2025-09-04 13:13:38,196.29,0,86.4,3.6575,,,0.101597222,100291921.9,,,
557, 2025-09-04 13:13:38,195.82,0,86.6,3.7089,,,0.103025,100051781.2,,,
558, 2025-09-04 13:13:38,195.82,0,86.7,3.7089,,,0.103025,100051781.2,,,
559, 2025-09-04 13:13:39,195.32,0,86.8,3.7089,,,0.103025,99796312.53,,,
560, 2025-09-04 13:13:39,195.059,0,86.9,3.7245,,,0.103458333,99662957.85,,,
561, 2025-09-04 13:13:39,194.799,0,87,3.7245,,,0.103458333,99530114.06,,,
562, 2025-09-04 13:13:39,194.549,0,87.1,3.7245,,,0.103458333,99402379.72,,,
563, 2025-09-04 13:13:39,194.299,0,87.1,3.7245,,,0.103458333,99274645.28,,,
564, 2025-09-04 13:13:39,194.039,0,87.2,3.7245,,,0.103458333,99141801.6,,,
565, 2025-09-04 13:13:39,193.768,0,87.3,3.7245,,,0.103458333,99003337.47,,,
566, 2025-09-04 13:13:39,193.498,0,87.4,3.7245,,,0.103458333,98865384.34,,,
567, 2025-09-04 13:13:39,193.218,0,87.5,3.7245,,,0.103458333,98722321.88,,,
568, 2025-09-04 13:13:40,192.647,0,87.8,3.7416,,,0.103933333,98430576.6,,,
569, 2025-09-04 13:13:40,192.087,0,88,3.7416,,,0.103933333,98144451.56,,,
570, 2025-09-04 13:13:40,191.236,0,88.2,3.7946,,,0.105405556,97709643.75,,,
571, 2025-09-04 13:13:40,190.946,0,88.3,3.7946,,,0.105405556,97561471.88,,,
572, 2025-09-04 13:13:40,190.646,0,88.4,3.7946,,,0.105405556,97408190.63,,,
573, 2025-09-04 13:13:40,190.356,0,88.5,3.8117,,,0.105880556,97260018.75,,,
574, 2025-09-04 13:13:40,190.055,0,88.6,3.8117,,,0.105880556,97106226.57,,,
575, 2025-09-04 13:13:40,189.755,0,88.7,3.8117,,,0.105880556,96952945.32,,,
576, 2025-09-04 13:13:41,189.445,0,88.9,3.8117,,,0.105880556,96794554.68,,,
577, 2025-09-04 13:13:41,188.804,0,89.1,3.8117,,,0.105880556,96467043.75,,,
578, 2025-09-04 13:13:41,187.823,0,89.3,3.8227,,,0.106186111,95965814.07,,,
579, 2025-09-04 13:13:41,187.173,0,89.5,3.8227,,,0.106186111,95633704.69,,,
580, 2025-09-04 13:13:42,186.502,0,89.7,3.8725,,,0.107569444,95290865.62,,,
581, 2025-09-04 13:13:42,185.802,0,89.9,3.8725,,,0.107569444,94933209.38,,,
582, 2025-09-04 13:13:42,185.101,0,90.2,3.8912,,,0.108088889,94575042.18,,,
583, 2025-09-04 13:13:42,184.401,0,90.4,3.8912,,,0.108088889,94217385.94,,,
584, 2025-09-04 13:13:42,184.04,0,90.5,3.8912,,,0.108088889,94032937.5,,,
585, 2025-09-04 13:13:42,184.04,0,90.6,3.8912,,,0.108088889,94032937.5,,,
586, 2025-09-04 13:13:42,183.3,0,90.7,3.8912,,,0.108088889,93654843.75,,,
587, 2025-09-04 13:13:43,182.919,0,90.8,3.8912,,,0.108088889,93460176.56,,,
588, 2025-09-04 13:13:43,182.549,0,90.8,3.9099,,,0.108608333,93271129.69,,,
589, 2025-09-04 13:13:43,182.179,0,90.9,3.9099,,,0.108608333,93082082.81,,,
590, 2025-09-04 13:13:43,181.418,0,91.1,3.9582,,,0.10995,92693259.38,,,
591, 2025-09-04 13:13:43,180.628,0,91.3,3.9582,,,0.10995,92289618.75,,,
592, 2025-09-04 13:13:43,179.807,0,91.6,3.9769,,,0.110469444,91870139.07,,,
593, 2025-09-04 13:13:44,178.576,0,91.8,3.9769,,,0.110469444,91241175,,,
594, 2025-09-04 13:13:44,178.156,0,91.9,3.9769,,,0.110469444,91026581.25,,,
595, 2025-09-04 13:13:44,177.735,0,92,3.9769,,,0.110469444,90811476.56,,,
596, 2025-09-04 13:13:44,177.735,0,92.1,3.9769,,,0.110469444,90811476.56,,,
597, 2025-09-04 13:13:44,177.305,0,92.2,3.9769,,,0.110469444,90591773.44,,,
598, 2025-09-04 13:13:44,176.865,0,92.2,3.9769,,,0.110469444,90366960.94,,,
599, 2025-09-04 13:13:44,175.994,0,92.5,3.9956,,,0.110988889,89921934.38,,,
600, 2025-09-04 13:13:44,175.103,0,92.7,3.9956,,,0.110988889,89466689.07,,,
601, 2025-09-04 13:13:45,174.192,0,92.9,3.9956,,,0.110988889,89001225,,,
602, 2025-09-04 13:13:45,172.791,0,93.1,4.0424,,,0.112288889,88285401.56,,,
603, 2025-09-04 13:13:45,171.83,0,93.3,4.0595,,,0.112763889,87794390.63,,,
604, 2025-09-04 13:13:45,170.83,0,93.5,4.0595,,,0.112763889,87283453.12,,,
605, 2025-09-04 13:13:45,169.829,0,93.7,4.0595,,,0.112763889,86772004.69,,,
606, 2025-09-04 13:13:46,169.318,0,94,4.0595,,,0.112763889,86510915.62,,,
607, 2025-09-04 13:13:46,168.298,0,94.2,4.0595,,,0.112763889,85989759.37,,,
608, 2025-09-04 13:13:46,166.706,0,94.3,4.0798,,,0.113327778,85176346.88,,,
609, 2025-09-04 13:13:46,165.615,0,94.6,4.0798,,,0.113327778,84618914.06,,,
610, 2025-09-04 13:13:46,165.615,0,94.7,4.1265,,,0.114625,84618914.06,,,
611, 2025-09-04 13:13:47,164.494,0,94.7,4.1265,,,0.114625,84046153.12,,,
612, 2025-09-04 13:13:47,163.363,0,94.9,4.1452,,,0.115144444,83468282.81,,,
613, 2025-09-04 13:13:47,162.203,0,95.1,4.1452,,,0.115144444,82875595.32,,,
614, 2025-09-04 13:13:47,161.012,0,95.4,4.1452,,,0.115144444,82267068.75,,,
615, 2025-09-04 13:13:47,159.791,0,95.6,4.1452,,,0.115144444,81643214.07,,,
616, 2025-09-04 13:13:47,158.54,0,95.7,4.1452,,,0.115144444,81004031.25,,,
617, 2025-09-04 13:13:48,157.899,0,95.8,4.1593,,,0.115536111,80676520.31,,,
618, 2025-09-04 13:13:48,157.899,0,95.8,4.1593,,,0.115536111,80676520.31,,,
619, 2025-09-04 13:13:48,157.238,0,95.9,4.1593,,,0.115536111,80338790.63,,,
620, 2025-09-04 13:13:48,155.907,0,96.2,4.2107,,,0.116963889,79658732.81,,,
621, 2025-09-04 13:13:48,153.876,0,96.4,4.2107,,,0.116963889,78621018.75,,,
622, 2025-09-04 13:13:48,153.165,0,96.5,4.2247,,,0.117352778,78257742.19,,,
623, 2025-09-04 13:13:48,152.445,0,96.6,4.2247,,,0.117352778,77889867.19,,,
624, 2025-09-04 13:13:48,152.445,0,96.7,4.2247,,,0.117352778,77889867.19,,,
625, 2025-09-04 13:13:49,151.704,0,96.7,4.2247,,,0.117352778,77511262.5,,,
626, 2025-09-04 13:13:49,149.332,0,97,4.2247,,,0.117352778,76299318.75,,,
627, 2025-09-04 13:13:49,146.45,0,97.2,4.2247,,,0.117352778,74826796.88,,,
628, 2025-09-04 13:13:49,144.008,0,97.4,4.2434,,,0.117872222,73579087.5,,,
629, 2025-09-04 13:13:49,130.917,0,97.6,4.2434,,,0.117872222,66890404.69,,,
630, 2025-09-04 13:13:50,117.056,0,97.8,4.2948,,,0.1193,59808300,,,
631, 2025-09-04 13:13:50,98.32,0,98,4.3135,,,0.119819444,50235375,,,
632, 2025-09-04 13:13:50,75.732,0,98.2,4.3135,,,0.119819444,38694318.75,,,
633, 2025-09-04 13:13:50,54.204,0,98.5,4.3135,,,0.119819444,27694856.25,,,
634, 2025-09-04 13:13:50,45.637,0,98.7,4.3135,,,0.119819444,23317654.68,,,
635, 2025-09-04 13:13:51,33.177,0,98.8,4.3135,,,0.119819444,16951373.44,,,
636, 2025-09-04 13:13:51,28.413,0,98.8,4.3416,,,0.1206,14517267.19,,,
637, 2025-09-04 13:13:51,24.21,0,98.9,4.3416,,,0.1206,12369796.88,,,
638, 2025-09-04 13:13:51,16.153,0,99.1,4.4242,,,0.122894444,8253173.437,,,
