id,Time,LOAD,ELONGATION,TIME,EXTENSION,,strain,Stress (N/m2),,Max Stress,294046723.6
1, 2025-09-04 13:05:09,0.02,0,0.1,0,,0,11890.90909,,,
2, 2025-09-04 13:05:09,0.851,0,0.4,0,,0,505958.1818,,,
3, 2025-09-04 13:05:10,0.851,0,0.5,0,,0,505958.1818,,,
4, 2025-09-04 13:05:10,3.293,0,0.5,0,,0,1957838.182,,,
5, 2025-09-04 13:05:10,20.757,0,0.7,0,,0,12340980,,,
6, 2025-09-04 13:05:10,30.415,0,1,0,,0,18083100,,,
7, 2025-09-04 13:05:10,31.866,0,1.1,0,,0,18945785.45,,,
8, 2025-09-04 13:05:10,30.675,0,1.2,0,,0,18237681.82,,,
9, 2025-09-04 13:05:10,30.675,0,1.3,0,,0,18237681.82,,,
10, 2025-09-04 13:05:10,29.854,0,1.3,0,,0,17749560,,,
11, 2025-09-04 13:05:11,28.874,0,1.5,0,,0,17166905.45,,,
12, 2025-09-04 13:05:11,28.553,0,1.8,0,,0,16976056.36,,,
13, 2025-09-04 13:05:11,28.663,0,2,0,,0,17041456.36,,,
14, 2025-09-04 13:05:11,29.034,0,2.1,0,,0,17262032.73,,,
15, 2025-09-04 13:05:11,29.034,0,2.1,0,,0,17262032.73,,,
16, 2025-09-04 13:05:11,29.534,0,2.4,0,,0,17559305.45,,,
17, 2025-09-04 13:05:12,30.115,0,2.5,0,,0,17904736.36,,,
18, 2025-09-04 13:05:12,30.115,0,2.5,0,,0,17904736.36,,,
19, 2025-09-04 13:05:12,30.875,0,2.8,0,,0,18356590.91,,,
20, 2025-09-04 13:05:12,31.926,0,2.9,0,,0,18981458.18,,,
21, 2025-09-04 13:05:12,32.737,0,3,0,,0,19463634.55,,,
22, 2025-09-04 13:05:12,40.393,0,3.3,0,,0,24015474.55,,,
23, 2025-09-04 13:05:13,52.163,0,3.5,0,,0,31013274.55,,,
24, 2025-09-04 13:05:13,67.665,0,3.7,0,,0,40229918.18,,,
25, 2025-09-04 13:05:13,75.992,0,4,0,,0,45180698.18,,,
26, 2025-09-04 13:05:13,92.896,0,4.1,0,,0,55230894.55,,,
27, 2025-09-04 13:05:13,101.313,0,4.2,0,,0,60235183.64,,,
28, 2025-09-04 13:05:13,117.746,0,4.3,0,,0,70005349.09,,,
29, 2025-09-04 13:05:14,133.429,0,4.5,0,,0,79329605.45,,,
30, 2025-09-04 13:05:14,148.461,0,4.7,0,,0,88266812.73,,,
31, 2025-09-04 13:05:14,162.873,0,5,0,,0,96835401.82,,,
32, 2025-09-04 13:05:14,162.873,0,5,0,,0,96835401.82,,,
33, 2025-09-04 13:05:14,176.804,0,5.1,0,,0,105118014.5,,,
34, 2025-09-04 13:05:14,190.235,0,5.3,0,,0,113103354.5,,,
35, 2025-09-04 13:05:15,203.076,0,5.6,0,,0,120737912.7,,,
36, 2025-09-04 13:05:15,215.396,0,5.7,0.0047,,0.000130556,128062712.7,,,
37, 2025-09-04 13:05:15,221.401,0,5.8,0.0047,,0.000130556,131632958.2,,,
38, 2025-09-04 13:05:15,227.306,0,5.9,0.0047,,0.000130556,135143749.1,,,
39, 2025-09-04 13:05:15,227.306,0,6,0.0062,,0.000172222,135143749.1,,,
40, 2025-09-04 13:05:15,233.05,0,6.1,0.0062,,0.000172222,138558818.2,,,
41, 2025-09-04 13:05:15,238.545,0,6.2,0.0062,,0.000172222,141825845.5,,,
42, 2025-09-04 13:05:15,243.739,0,6.3,0.0062,,0.000172222,144913914.5,,,
43, 2025-09-04 13:05:15,248.593,0,6.3,0.0062,,0.000172222,147799838.2,,,
44, 2025-09-04 13:05:16,253.167,0,6.4,0.0062,,0.000172222,150519289.1,,,
45, 2025-09-04 13:05:16,257.48,0,6.5,0.0062,,0.000172222,153083563.6,,,
46, 2025-09-04 13:05:16,265.647,0,6.8,0.0062,,0.000172222,157939216.4,,,
47, 2025-09-04 13:05:16,277.327,0,7,0.0078,,0.000216667,164883507.3,,,
48, 2025-09-04 13:05:16,281.17,0,7.3,0.0078,,0.000216667,167168345.5,,,
49, 2025-09-04 13:05:16,288.936,0,7.4,0.0078,,0.000216667,171785585.5,,,
50, 2025-09-04 13:05:17,292.849,0,7.5,0.0078,,0.000216667,174112041.8,,,
51, 2025-09-04 13:05:17,304.569,0,7.7,0.0078,,0.000216667,181080114.5,,,
52, 2025-09-04 13:05:17,312.335,0,7.9,0.0078,,0.000216667,185697354.5,,,
53, 2025-09-04 13:05:17,320.122,0,8.1,0.0078,,0.000216667,190327080,,,
54, 2025-09-04 13:05:17,327.908,0,8.3,0.0078,,0.000216667,194956210.9,,,
55, 2025-09-04 13:05:18,335.614,0,8.5,0.0094,,0.000261111,199537778.2,,,
56, 2025-09-04 13:05:18,343.25,0,8.8,0.0094,,0.000261111,204077727.3,,,
57, 2025-09-04 13:05:18,350.797,0,9,0.0171,,0.000475,208564761.8,,,
58, 2025-09-04 13:05:18,358.163,0,9.1,0.0187,,0.000519444,212944183.6,,,
59, 2025-09-04 13:05:18,358.163,0,9.2,0.0187,,0.000519444,212944183.6,,,
60, 2025-09-04 13:05:18,361.736,0,9.2,0.0187,,0.000519444,215068494.5,,,
61, 2025-09-04 13:05:19,368.651,0,9.5,0.0187,,0.000519444,219179776.4,,,
62, 2025-09-04 13:05:19,371.974,0,9.6,0.0187,,0.000519444,221155450.9,,,
63, 2025-09-04 13:05:19,378.319,0,9.7,0.0187,,0.000519444,224927841.8,,,
64, 2025-09-04 13:05:19,381.322,0,9.8,0.0187,,0.000519444,226713261.8,,,
65, 2025-09-04 13:05:19,384.194,0,9.9,0.0187,,0.000519444,228420796.4,,,
66, 2025-09-04 13:05:19,384.194,0,9.9,0.0187,,0.000519444,228420796.4,,,
67, 2025-09-04 13:05:19,386.946,0,10,0.0187,,0.000519444,230056985.5,,,
68, 2025-09-04 13:05:19,392.17,0,10.3,0.0218,,0.000605556,233162890.9,,,
69, 2025-09-04 13:05:20,397.044,0,10.5,0.0218,,0.000605556,236060705.5,,,
70, 2025-09-04 13:05:20,401.518,0,10.6,0.0218,,0.000605556,238720701.8,,,
71, 2025-09-04 13:05:20,403.59,0,10.7,0.0374,,0.001038889,239952600,,,
72, 2025-09-04 13:05:20,405.541,0,10.8,0.0374,,0.001038889,241112558.2,,,
73, 2025-09-04 13:05:20,407.383,0,10.9,0.0374,,0.001038889,242207710.9,,,
74, 2025-09-04 13:05:20,409.114,0,11,0.039,,0.001083333,243236869.1,,,
75, 2025-09-04 13:05:20,410.746,0,11.1,0.039,,0.001083333,244207167.3,,,
76, 2025-09-04 13:05:20,410.746,0,11.2,0.039,,0.001083333,244207167.3,,,
77, 2025-09-04 13:05:20,412.267,0,11.3,0.039,,0.001083333,245111470.9,,,
78, 2025-09-04 13:05:20,413.658,0,11.4,0.039,,0.001083333,245938483.6,,,
79, 2025-09-04 13:05:21,416.07,0,11.6,0.039,,0.001083333,247372527.3,,,
80, 2025-09-04 13:05:21,418.942,0,11.9,0.0468,,0.0013,249080061.8,,,
81, 2025-09-04 13:05:21,421.094,0,12.1,0.0701,,0.001947222,250359523.6,,,
82, 2025-09-04 13:05:21,422.155,0,12.3,0.0701,,0.001947222,250990336.4,,,
83, 2025-09-04 13:05:22,423.096,0,12.5,0.0826,,0.002294444,251549803.6,,,
84, 2025-09-04 13:05:22,423.986,0,12.8,0.0826,,0.002294444,252078949.1,,,
85, 2025-09-04 13:05:22,424.407,0,13,0.0826,,0.002294444,252329252.7,,,
86, 2025-09-04 13:05:22,425.157,0,13.1,0.0826,,0.002294444,252775161.8,,,
87, 2025-09-04 13:05:22,425.888,0,13.2,0.0826,,0.002294444,253209774.5,,,
88, 2025-09-04 13:05:23,426.639,0,13.4,0.0966,,0.002683333,253656278.2,,,
89, 2025-09-04 13:05:23,427.349,0,13.6,0.0966,,0.002683333,254078405.5,,,
90, 2025-09-04 13:05:23,427.99,0,13.8,0.1356,,0.003766667,254459509.1,,,
91, 2025-09-04 13:05:23,428.61,0,14.1,0.1496,,0.004155556,254828127.3,,,
92, 2025-09-04 13:05:23,428.95,0,14.3,0.1496,,0.004155556,255030272.7,,,
93, 2025-09-04 13:05:23,429.641,0,14.4,0.1496,,0.004155556,255441103.6,,,
94, 2025-09-04 13:05:24,429.981,0,14.5,0.1496,,0.004155556,255643249.1,,,
95, 2025-09-04 13:05:24,430.302,0,14.5,0.1496,,0.004155556,255834098.2,,,
96, 2025-09-04 13:05:24,430.612,0,14.6,0.1496,,0.004155556,256018407.3,,,
97, 2025-09-04 13:05:24,430.922,0,14.7,0.1496,,0.004155556,256202716.4,,,
98, 2025-09-04 13:05:24,431.563,0,14.9,0.1636,,0.004544444,256583820,,,
99, 2025-09-04 13:05:24,432.173,0,15.1,0.2057,,0.005713889,256946492.7,,,
100, 2025-09-04 13:05:24,432.714,0,15.4,0.2057,,0.005713889,257268141.8,,,
101, 2025-09-04 13:05:25,432.714,0,15.5,0.2228,,0.006188889,257268141.8,,,
102, 2025-09-04 13:05:25,433.264,0,15.6,0.2228,,0.006188889,257595141.8,,,
103, 2025-09-04 13:05:25,433.564,0,15.6,0.2228,,0.006188889,257773505.5,,,
104, 2025-09-04 13:05:25,433.874,0,15.7,0.2228,,0.006188889,257957814.5,,,
105, 2025-09-04 13:05:25,434.475,0,16,0.2228,,0.006188889,258315136.4,,,
106, 2025-09-04 13:05:25,434.755,0,16.1,0.2228,,0.006188889,258481609.1,,,
107, 2025-09-04 13:05:25,435.316,0,16.2,0.2228,,0.006188889,258815149.1,,,
108, 2025-09-04 13:05:25,435.616,0,16.3,0.2228,,0.006188889,258993512.7,,,
109, 2025-09-04 13:05:25,435.926,0,16.4,0.2228,,0.006188889,259177821.8,,,
110, 2025-09-04 13:05:26,435.926,0,16.5,0.2228,,0.006188889,259177821.8,,,
111, 2025-09-04 13:05:26,436.226,0,16.6,0.2228,,0.006188889,259356185.5,,,
112, 2025-09-04 13:05:26,436.517,0,16.6,0.2369,,0.006580556,259529198.2,,,
113, 2025-09-04 13:05:26,436.797,0,16.8,0.2369,,0.006580556,259695670.9,,,
114, 2025-09-04 13:05:26,437.337,0,17,0.2789,,0.007747222,260016725.5,,,
115, 2025-09-04 13:05:26,437.888,0,17.2,0.2789,,0.007747222,260344320,,,
116, 2025-09-04 13:05:26,438.458,0,17.3,0.2789,,0.007747222,260683210.9,,,
117, 2025-09-04 13:05:26,438.718,0,17.4,0.2945,,0.008180556,260837792.7,,,
118, 2025-09-04 13:05:27,438.979,0,17.6,0.2945,,0.008180556,260992969.1,,,
119, 2025-09-04 13:05:27,439.229,0,17.6,0.2945,,0.008180556,261141605.5,,,
120, 2025-09-04 13:05:27,440.04,0,17.9,0.2945,,0.008180556,261623781.8,,,
121, 2025-09-04 13:05:27,440.59,0,18.1,0.2945,,0.008180556,261950781.8,,,
122, 2025-09-04 13:05:27,441.09,0,18.3,0.3117,,0.008658333,262248054.5,,,
123, 2025-09-04 13:05:28,441.561,0,18.5,0.3117,,0.008658333,262528085.5,,,
124, 2025-09-04 13:05:28,442.071,0,18.7,0.3584,,0.009955556,262831303.6,,,
125, 2025-09-04 13:05:28,442.341,0,19,0.3724,,0.010344444,262991830.9,,,
126, 2025-09-04 13:05:28,442.842,0,19.1,0.3724,,0.010344444,263289698.2,,,
127, 2025-09-04 13:05:28,443.342,0,19.2,0.3724,,0.010344444,263586970.9,,,
128, 2025-09-04 13:05:29,443.853,0,19.4,0.3724,,0.010344444,263890783.6,,,
129, 2025-09-04 13:05:29,444.363,0,19.6,0.3724,,0.010344444,264194001.8,,,
130, 2025-09-04 13:05:29,444.803,0,19.8,0.3865,,0.010736111,264455601.8,,,
131, 2025-09-04 13:05:29,445.244,0,20.1,0.3865,,0.010736111,264717796.4,,,
132, 2025-09-04 13:05:29,445.714,0,20.3,0.4332,,0.012033333,264997232.7,,,
133, 2025-09-04 13:05:30,445.954,0,20.5,0.4472,,0.012422222,265139923.6,,,
134, 2025-09-04 13:05:30,446.395,0,20.6,0.4472,,0.012422222,265402118.2,,,
135, 2025-09-04 13:05:30,446.605,0,20.6,0.4472,,0.012422222,265526972.7,,,
136, 2025-09-04 13:05:30,446.805,0,20.7,0.4472,,0.012422222,265645881.8,,,
137, 2025-09-04 13:05:30,447.025,0,20.8,0.4472,,0.012422222,265776681.8,,,
138, 2025-09-04 13:05:30,447.506,0,21,0.4472,,0.012422222,266062658.2,,,
139, 2025-09-04 13:05:30,447.996,0,21.2,0.4628,,0.012855556,266353985.5,,,
140, 2025-09-04 13:05:31,448.446,0,21.4,0.4628,,0.012855556,266621530.9,,,
141, 2025-09-04 13:05:31,448.897,0,21.7,0.508,,0.014111111,266889670.9,,,
142, 2025-09-04 13:05:31,449.357,0,21.9,0.508,,0.014111111,267163161.8,,,
143, 2025-09-04 13:05:31,449.818,0,22,0.5221,,0.014502778,267437247.3,,,
144, 2025-09-04 13:05:31,450.028,0,22.1,0.5221,,0.014502778,267562101.8,,,
145, 2025-09-04 13:05:31,450.028,0,22.2,0.5221,,0.014502778,267562101.8,,,
146, 2025-09-04 13:05:31,450.238,0,22.3,0.5221,,0.014502778,267686956.4,,,
147, 2025-09-04 13:05:31,450.448,0,22.4,0.5221,,0.014502778,267811810.9,,,
148, 2025-09-04 13:05:32,450.668,0,22.4,0.5221,,0.014502778,267942610.9,,,
149, 2025-09-04 13:05:32,450.878,0,22.5,0.5221,,0.014502778,268067465.5,,,
150, 2025-09-04 13:05:32,451.089,0,22.6,0.5221,,0.014502778,268192914.5,,,
151, 2025-09-04 13:05:32,451.269,0,22.7,0.5221,,0.014502778,268299932.7,,,
152, 2025-09-04 13:05:32,451.449,0,22.8,0.5221,,0.014502778,268406950.9,,,
153, 2025-09-04 13:05:32,451.799,0,23.1,0.5361,,0.014891667,268615041.8,,,
154, 2025-09-04 13:05:32,452.219,0,23.3,0.5361,,0.014891667,268864750.9,,,
155, 2025-09-04 13:05:32,452.67,0,23.4,0.5361,,0.014891667,269132890.9,,,
156, 2025-09-04 13:05:33,452.88,0,23.5,0.5844,,0.016233333,269257745.5,,,
157, 2025-09-04 13:05:33,453.08,0,23.6,0.5844,,0.016233333,269376654.5,,,
158, 2025-09-04 13:05:33,453.29,0,23.7,0.6015,,0.016708333,269501509.1,,,
159, 2025-09-04 13:05:33,453.29,0,23.8,0.6015,,0.016708333,269501509.1,,,
160, 2025-09-04 13:05:33,453.501,0,23.9,0.6015,,0.016708333,269626958.2,,,
161, 2025-09-04 13:05:33,453.711,0,23.9,0.6015,,0.016708333,269751812.7,,,
162, 2025-09-04 13:05:33,453.911,0,24.1,0.6015,,0.016708333,269870721.8,,,
163, 2025-09-04 13:05:33,454.111,0,24.2,0.6015,,0.016708333,269989630.9,,,
164, 2025-09-04 13:05:33,454.631,0,24.4,0.6015,,0.016708333,270298794.5,,,
165, 2025-09-04 13:05:34,454.992,0,24.6,0.6156,,0.0171,270513425.5,,,
166, 2025-09-04 13:05:34,455.392,0,24.8,0.6156,,0.0171,270751243.6,,,
167, 2025-09-04 13:05:34,455.782,0,25,0.6623,,0.018397222,270983116.4,,,
168, 2025-09-04 13:05:34,456.163,0,25.2,0.6623,,0.018397222,271209638.2,,,
169, 2025-09-04 13:05:35,456.543,0,25.4,0.6763,,0.018786111,271435565.5,,,
170, 2025-09-04 13:05:35,456.943,0,25.7,0.6763,,0.018786111,271673383.6,,,
171, 2025-09-04 13:05:35,457.324,0,25.9,0.6763,,0.018786111,271899905.5,,,
172, 2025-09-04 13:05:35,457.674,0,26.1,0.6763,,0.018786111,272107996.4,,,
173, 2025-09-04 13:05:35,458.014,0,26.2,0.6919,,0.019219444,272310141.8,,,
174, 2025-09-04 13:05:35,458.014,0,26.3,0.6919,,0.019219444,272310141.8,,,
175, 2025-09-04 13:05:35,458.184,0,26.4,0.6919,,0.019219444,272411214.5,,,
176, 2025-09-04 13:05:36,458.354,0,26.4,0.7324,,0.020344444,272512287.3,,,
177, 2025-09-04 13:05:36,458.515,0,26.5,0.7324,,0.020344444,272608009.1,,,
178, 2025-09-04 13:05:36,458.665,0,26.6,0.7324,,0.020344444,272697190.9,,,
179, 2025-09-04 13:05:36,458.825,0,26.7,0.748,,0.020777778,272792318.2,,,
180, 2025-09-04 13:05:36,458.995,0,26.8,0.748,,0.020777778,272893390.9,,,
181, 2025-09-04 13:05:36,459.165,0,26.9,0.748,,0.020777778,272994463.6,,,
182, 2025-09-04 13:05:36,459.515,0,27.2,0.748,,0.020777778,273202554.5,,,
183, 2025-09-04 13:05:36,459.856,0,27.4,0.748,,0.020777778,273405294.5,,,
184, 2025-09-04 13:05:37,460.186,0,27.6,0.748,,0.020777778,273601494.5,,,
185, 2025-09-04 13:05:37,460.536,0,27.7,0.7652,,0.021255556,273809585.5,,,
186, 2025-09-04 13:05:37,460.877,0,27.9,0.7652,,0.021255556,274012325.5,,,
187, 2025-09-04 13:05:37,461.197,0,28.1,0.8135,,0.022597222,274202580,,,
188, 2025-09-04 13:05:37,461.357,0,28.2,0.8135,,0.022597222,274297707.3,,,
189, 2025-09-04 13:05:37,461.517,0,28.4,0.8259,,0.022941667,274392834.5,,,
190, 2025-09-04 13:05:38,461.867,0,28.6,0.8259,,0.022941667,274600925.5,,,
191, 2025-09-04 13:05:38,462.388,0,28.8,0.8259,,0.022941667,274910683.6,,,
192, 2025-09-04 13:05:38,462.698,0,29,0.8259,,0.022941667,275094992.7,,,
193, 2025-09-04 13:05:38,462.998,0,29.2,0.8446,,0.023461111,275273356.4,,,
194, 2025-09-04 13:05:39,463.319,0,29.4,0.8446,,0.023461111,275464205.5,,,
195, 2025-09-04 13:05:39,463.609,0,29.6,0.8867,,0.024630556,275636623.6,,,
196, 2025-09-04 13:05:39,463.899,0,29.8,0.8867,,0.024630556,275809041.8,,,
197, 2025-09-04 13:05:39,464.199,0,30,0.8867,,0.024630556,275987405.5,,,
198, 2025-09-04 13:05:39,464.52,0,30.3,0.9054,,0.02515,276178254.5,,,
199, 2025-09-04 13:05:39,464.52,0,30.4,0.9054,,0.02515,276178254.5,,,
200, 2025-09-04 13:05:40,464.82,0,30.4,0.9054,,0.02515,276356618.2,,,
201, 2025-09-04 13:05:40,464.97,0,30.5,0.9054,,0.02515,276445800,,,
202, 2025-09-04 13:05:40,465.12,0,30.6,0.9054,,0.02515,276534981.8,,,
203, 2025-09-04 13:05:40,465.45,0,30.8,0.9054,,0.02515,276731181.8,,,
204, 2025-09-04 13:05:40,465.75,0,31,0.921,,0.025583333,276909545.5,,,
205, 2025-09-04 13:05:40,466.031,0,31.2,0.921,,0.025583333,277076612.7,,,
206, 2025-09-04 13:05:41,466.321,0,31.5,0.9677,,0.026880556,277249030.9,,,
207, 2025-09-04 13:05:41,466.621,0,31.7,0.9677,,0.026880556,277427394.5,,,
208, 2025-09-04 13:05:41,466.901,0,31.8,0.9818,,0.027272222,277593867.3,,,
209, 2025-09-04 13:05:41,466.901,0,31.9,0.9818,,0.027272222,277593867.3,,,
210, 2025-09-04 13:05:41,467.022,0,32,0.9818,,0.027272222,277665807.3,,,
211, 2025-09-04 13:05:41,467.142,0,32.1,0.9818,,0.027272222,277737152.7,,,
212, 2025-09-04 13:05:41,467.272,0,32.2,0.9818,,0.027272222,277814443.6,,,
213, 2025-09-04 13:05:41,467.402,0,32.2,0.9818,,0.027272222,277891734.5,,,
214, 2025-09-04 13:05:41,467.552,0,32.3,0.9818,,0.027272222,277980916.4,,,
215, 2025-09-04 13:05:42,467.702,0,32.4,0.9818,,0.027272222,278070098.2,,,
216, 2025-09-04 13:05:42,467.972,0,32.6,0.9989,,0.027747222,278230625.5,,,
217, 2025-09-04 13:05:42,468.223,0,32.9,1.041,,0.028916667,278379856.4,,,
218, 2025-09-04 13:05:42,468.503,0,33,1.041,,0.028916667,278546329.1,,,
219, 2025-09-04 13:05:42,468.643,0,33.1,1.041,,0.028916667,278629565.5,,,
220, 2025-09-04 13:05:42,468.643,0,33.2,1.0597,,0.029436111,278629565.5,,,
221, 2025-09-04 13:05:42,468.793,0,33.2,1.0597,,0.029436111,278718747.3,,,
222, 2025-09-04 13:05:42,468.933,0,33.3,1.0597,,0.029436111,278801983.6,,,
223, 2025-09-04 13:05:43,469.063,0,33.4,1.0597,,0.029436111,278879274.5,,,
224, 2025-09-04 13:05:43,469.333,0,33.7,1.0597,,0.029436111,279039801.8,,,
225, 2025-09-04 13:05:43,469.764,0,33.9,1.0597,,0.029436111,279296050.9,,,
226, 2025-09-04 13:05:43,470.014,0,34.1,1.0597,,0.029436111,279444687.3,,,
227, 2025-09-04 13:05:43,470.234,0,34.3,1.0706,,0.029738889,279575487.3,,,
228, 2025-09-04 13:05:44,470.344,0,34.5,1.122,,0.031166667,279640887.3,,,
229, 2025-09-04 13:05:44,470.584,0,34.6,1.136,,0.031555556,279783578.2,,,
230, 2025-09-04 13:05:44,470.815,0,34.9,1.136,,0.031555556,279920918.2,,,
231, 2025-09-04 13:05:44,471.195,0,35.1,1.136,,0.031555556,280146845.5,,,
232, 2025-09-04 13:05:44,471.455,0,35.3,1.136,,0.031555556,280301427.3,,,
233, 2025-09-04 13:05:45,471.725,0,35.5,1.136,,0.031555556,280461954.5,,,
234, 2025-09-04 13:05:45,471.966,0,35.7,1.1532,,0.032033333,280605240,,,
235, 2025-09-04 13:05:45,472.086,0,36,1.1532,,0.032033333,280676585.5,,,
236, 2025-09-04 13:05:45,472.336,0,36,1.1532,,0.032033333,280825221.8,,,
237, 2025-09-04 13:05:45,472.606,0,36.2,1.1999,,0.033330556,280985749.1,,,
238, 2025-09-04 13:05:46,472.846,0,36.4,1.1999,,0.033330556,281128440,,,
239, 2025-09-04 13:05:46,473.066,0,36.7,1.2155,,0.033763889,281259240,,,
240, 2025-09-04 13:05:46,473.177,0,36.9,1.2155,,0.033763889,281325234.5,,,
241, 2025-09-04 13:05:46,473.397,0,37,1.2155,,0.033763889,281456034.5,,,
242, 2025-09-04 13:05:46,473.507,0,37,1.2155,,0.033763889,281521434.5,,,
243, 2025-09-04 13:05:46,473.707,0,37.2,1.2155,,0.033763889,281640343.6,,,
244, 2025-09-04 13:05:47,473.807,0,37.5,1.2295,,0.034152778,281699798.2,,,
245, 2025-09-04 13:05:47,474.037,0,37.5,1.2295,,0.034152778,281836543.6,,,
246, 2025-09-04 13:05:47,474.157,0,37.6,1.2295,,0.034152778,281907889.1,,,
247, 2025-09-04 13:05:47,474.408,0,37.9,1.2763,,0.035452778,282057120,,,
248, 2025-09-04 13:05:47,474.648,0,38,1.295,,0.035972222,282199810.9,,,
249, 2025-09-04 13:05:47,474.888,0,38.2,1.295,,0.035972222,282342501.8,,,
250, 2025-09-04 13:05:48,475.108,0,38.5,1.295,,0.035972222,282473301.8,,,
251, 2025-09-04 13:05:48,475.288,0,38.6,1.295,,0.035972222,282580320,,,
252, 2025-09-04 13:05:48,475.288,0,38.6,1.295,,0.035972222,282580320,,,
253, 2025-09-04 13:05:48,475.468,0,38.8,1.295,,0.035972222,282687338.2,,,
254, 2025-09-04 13:05:48,475.799,0,39.1,1.3168,,0.036577778,282884132.7,,,
255, 2025-09-04 13:05:48,475.799,0,39.2,1.3168,,0.036577778,282884132.7,,,
256, 2025-09-04 13:05:48,476.009,0,39.4,1.3589,,0.037747222,283008987.3,,,
257, 2025-09-04 13:05:49,476.329,0,39.6,1.3589,,0.037747222,283199241.8,,,
258, 2025-09-04 13:05:49,476.439,0,39.7,1.3745,,0.038180556,283264641.8,,,
259, 2025-09-04 13:05:49,476.559,0,39.8,1.3745,,0.038180556,283335987.3,,,
260, 2025-09-04 13:05:49,476.559,0,39.9,1.3745,,0.038180556,283335987.3,,,
261, 2025-09-04 13:05:49,476.679,0,39.9,1.3745,,0.038180556,283407332.7,,,
262, 2025-09-04 13:05:49,476.79,0,40,1.3745,,0.038180556,283473327.3,,,
263, 2025-09-04 13:05:49,476.89,0,40.2,1.3745,,0.038180556,283532781.8,,,
264, 2025-09-04 13:05:49,477.08,0,40.4,1.3745,,0.038180556,283645745.5,,,
265, 2025-09-04 13:05:50,477.36,0,40.6,1.3869,,0.038525,283812218.2,,,
266, 2025-09-04 13:05:50,477.45,0,40.7,1.3869,,0.038525,283865727.3,,,
267, 2025-09-04 13:05:50,477.54,0,40.8,1.3869,,0.038525,283919236.4,,,
268, 2025-09-04 13:05:50,477.63,0,40.9,1.4384,,0.039955556,283972745.5,,,
269, 2025-09-04 13:05:50,477.72,0,41,1.454,,0.040388889,284026254.5,,,
270, 2025-09-04 13:05:50,478.011,0,41.3,1.454,,0.040388889,284199267.3,,,
271, 2025-09-04 13:05:51,478.201,0,41.5,1.454,,0.040388889,284312230.9,,,
272, 2025-09-04 13:05:51,478.381,0,41.8,1.454,,0.040388889,284419249.1,,,
273, 2025-09-04 13:05:51,478.481,0,42,1.454,,0.040388889,284478703.6,,,
274, 2025-09-04 13:05:51,478.581,0,42,1.4711,,0.040863889,284538158.2,,,
275, 2025-09-04 13:05:51,478.781,0,42.1,1.4711,,0.040863889,284657067.3,,,
276, 2025-09-04 13:05:51,478.871,0,42.2,1.4711,,0.040863889,284710576.4,,,
277, 2025-09-04 13:05:52,479.051,0,42.4,1.4711,,0.040863889,284817594.5,,,
278, 2025-09-04 13:05:52,479.242,0,42.6,1.4711,,0.040863889,284931152.7,,,
279, 2025-09-04 13:05:52,479.432,0,42.8,1.5147,,0.042075,285044116.4,,,
280, 2025-09-04 13:05:52,479.622,0,43.1,1.5334,,0.042594444,285157080,,,
281, 2025-09-04 13:05:52,479.892,0,43.3,1.5334,,0.042594444,285317607.3,,,
282, 2025-09-04 13:05:52,479.982,0,43.4,1.5334,,0.042594444,285371116.4,,,
283, 2025-09-04 13:05:53,479.982,0,43.5,1.5334,,0.042594444,285371116.4,,,
284, 2025-09-04 13:05:53,480.082,0,43.6,1.5334,,0.042594444,285430570.9,,,
285, 2025-09-04 13:05:53,480.172,0,43.6,1.5334,,0.042594444,285484080,,,
286, 2025-09-04 13:05:53,480.242,0,43.7,1.5334,,0.042594444,285525698.2,,,
287, 2025-09-04 13:05:53,480.392,0,43.9,1.5506,,0.043072222,285614880,,,
288, 2025-09-04 13:05:53,480.463,0,44.2,1.5506,,0.043072222,285657092.7,,,
289, 2025-09-04 13:05:53,480.633,0,44.2,1.5708,,0.043633333,285758165.5,,,
290, 2025-09-04 13:05:54,480.813,0,44.5,1.5708,,0.043633333,285865183.6,,,
291, 2025-09-04 13:05:54,481.093,0,44.7,1.588,,0.044111111,286031656.4,,,
292, 2025-09-04 13:05:54,481.183,0,44.8,1.588,,0.044111111,286085165.5,,,
293, 2025-09-04 13:05:54,481.283,0,44.9,1.588,,0.044111111,286144620,,,
294, 2025-09-04 13:05:54,481.373,0,45,1.588,,0.044111111,286198129.1,,,
295, 2025-09-04 13:05:54,481.373,0,45.1,1.588,,0.044111111,286198129.1,,,
296, 2025-09-04 13:05:54,481.453,0,45.2,1.588,,0.044111111,286245692.7,,,
297, 2025-09-04 13:05:54,481.533,0,45.2,1.588,,0.044111111,286293256.4,,,
298, 2025-09-04 13:05:54,481.603,0,45.3,1.5989,,0.044413889,286334874.5,,,
299, 2025-09-04 13:05:55,481.744,0,45.6,1.5989,,0.044413889,286418705.5,,,
300, 2025-09-04 13:05:55,481.984,0,45.8,1.6815,,0.046708333,286561396.4,,,
301, 2025-09-04 13:05:55,482.144,0,46,1.6815,,0.046708333,286656523.6,,,
302, 2025-09-04 13:05:55,482.294,0,46.2,1.7017,,0.047269444,286745705.5,,,
303, 2025-09-04 13:05:56,482.374,0,46.5,1.7017,,0.047269444,286793269.1,,,
304, 2025-09-04 13:05:56,482.464,0,46.5,1.7017,,0.047269444,286846778.2,,,
305, 2025-09-04 13:05:56,482.624,0,46.6,1.7017,,0.047269444,286941905.5,,,
306, 2025-09-04 13:05:56,482.694,0,46.7,1.7017,,0.047269444,286983523.6,,,
307, 2025-09-04 13:05:56,482.764,0,46.8,1.7017,,0.047269444,287025141.8,,,
308, 2025-09-04 13:05:56,482.895,0,47,1.7189,,0.047747222,287103027.3,,,
309, 2025-09-04 13:05:56,483.065,0,47.2,1.7625,,0.048958333,287204100,,,
310, 2025-09-04 13:05:57,483.245,0,47.5,1.7625,,0.048958333,287311118.2,,,
311, 2025-09-04 13:05:57,483.405,0,47.7,1.7796,,0.049433333,287406245.5,,,
312, 2025-09-04 13:05:57,483.555,0,47.9,1.7796,,0.049433333,287495427.3,,,
313, 2025-09-04 13:05:57,483.715,0,48,1.7796,,0.049433333,287590554.5,,,
314, 2025-09-04 13:05:57,483.785,0,48.1,1.7796,,0.049433333,287632172.7,,,
315, 2025-09-04 13:05:57,483.855,0,48.2,1.7796,,0.049433333,287673790.9,,,
316, 2025-09-04 13:05:57,483.915,0,48.3,1.7796,,0.049433333,287709463.6,,,
317, 2025-09-04 13:05:57,483.965,0,48.4,1.7796,,0.049433333,287739190.9,,,
318, 2025-09-04 13:05:58,483.965,0,48.5,1.7906,,0.049738889,287739190.9,,,
319, 2025-09-04 13:05:58,484.025,0,48.6,1.7906,,0.049738889,287774863.6,,,
320, 2025-09-04 13:05:58,484.076,0,48.6,1.7906,,0.049738889,287805185.5,,,
321, 2025-09-04 13:05:58,484.206,0,48.9,1.8373,,0.051036111,287882476.4,,,
322, 2025-09-04 13:05:58,484.346,0,49.1,1.8544,,0.051511111,287965712.7,,,
323, 2025-09-04 13:05:58,484.486,0,49.2,1.8544,,0.051511111,288048949.1,,,
324, 2025-09-04 13:05:58,484.556,0,49.3,1.8544,,0.051511111,288090567.3,,,
325, 2025-09-04 13:05:58,484.646,0,49.4,1.8544,,0.051511111,288144076.4,,,
326, 2025-09-04 13:05:59,484.726,0,49.5,1.8544,,0.051511111,288191640,,,
327, 2025-09-04 13:05:59,484.896,0,49.7,1.8544,,0.051511111,288292712.7,,,
328, 2025-09-04 13:05:59,485.046,0,49.9,1.8544,,0.051511111,288381894.5,,,
329, 2025-09-04 13:05:59,485.186,0,50.1,1.8544,,0.051511111,288465130.9,,,
330, 2025-09-04 13:05:59,485.317,0,50.3,1.8544,,0.051511111,288543016.4,,,
331, 2025-09-04 13:06:00,485.447,0,50.5,1.8685,,0.051902778,288620307.3,,,
332, 2025-09-04 13:06:00,485.507,0,50.8,1.9121,,0.053113889,288655980,,,
333, 2025-09-04 13:06:00,485.687,0,51,1.9308,,0.053633333,288762998.2,,,
334, 2025-09-04 13:06:00,485.747,0,51,1.9308,,0.053633333,288798670.9,,,
335, 2025-09-04 13:06:00,485.807,0,51.1,1.9308,,0.053633333,288834343.6,,,
336, 2025-09-04 13:06:00,485.857,0,51.2,1.9308,,0.053633333,288864070.9,,,
337, 2025-09-04 13:06:01,485.967,0,51.4,1.9308,,0.053633333,288929470.9,,,
338, 2025-09-04 13:06:01,486.077,0,51.7,1.9308,,0.053633333,288994870.9,,,
339, 2025-09-04 13:06:01,486.077,0,51.8,1.9308,,0.053633333,288994870.9,,,
340, 2025-09-04 13:06:01,486.197,0,51.8,1.948,,0.054111111,289066216.4,,,
341, 2025-09-04 13:06:01,486.327,0,52,1.948,,0.054111111,289143507.3,,,
342, 2025-09-04 13:06:01,486.467,0,52.2,1.9994,,0.055538889,289226743.6,,,
343, 2025-09-04 13:06:02,486.618,0,52.4,2.015,,0.055972222,289316520,,,
344, 2025-09-04 13:06:02,486.758,0,52.7,2.015,,0.055972222,289399756.4,,,
345, 2025-09-04 13:06:02,486.858,0,52.9,2.015,,0.055972222,289459210.9,,,
346, 2025-09-04 13:06:02,486.938,0,53,2.015,,0.055972222,289506774.5,,,
347, 2025-09-04 13:06:02,486.978,0,53.1,2.015,,0.055972222,289530556.4,,,
348, 2025-09-04 13:06:02,487.038,0,53.2,2.015,,0.055972222,289566229.1,,,
349, 2025-09-04 13:06:02,487.098,0,53.3,2.015,,0.055972222,289601901.8,,,
350, 2025-09-04 13:06:02,487.098,0,53.4,2.029,,0.056361111,289601901.8,,,
351, 2025-09-04 13:06:03,487.168,0,53.4,2.029,,0.056361111,289643520,,,
352, 2025-09-04 13:06:03,487.228,0,53.5,2.029,,0.056361111,289679192.7,,,
353, 2025-09-04 13:06:03,487.338,0,53.8,2.0711,,0.057530556,289744592.7,,,
354, 2025-09-04 13:06:03,487.528,0,54,2.0711,,0.057530556,289857556.4,,,
355, 2025-09-04 13:06:03,487.588,0,54.1,2.0898,,0.05805,289893229.1,,,
356, 2025-09-04 13:06:03,487.638,0,54.2,2.0898,,0.05805,289922956.4,,,
357, 2025-09-04 13:06:03,487.688,0,54.3,2.0898,,0.05805,289952683.6,,,
358, 2025-09-04 13:06:03,487.688,0,54.4,2.0898,,0.05805,289952683.6,,,
359, 2025-09-04 13:06:04,487.738,0,54.5,2.0898,,0.05805,289982410.9,,,
360, 2025-09-04 13:06:04,487.789,0,54.5,2.0898,,0.05805,290012732.7,,,
361, 2025-09-04 13:06:04,487.839,0,54.7,2.0898,,0.05805,290042460,,,
362, 2025-09-04 13:06:04,488.009,0,54.9,2.1069,,0.058525,290143532.7,,,
363, 2025-09-04 13:06:04,488.069,0,55,2.1069,,0.058525,290179205.5,,,
364, 2025-09-04 13:06:04,488.179,0,55.2,2.1069,,0.058525,290244605.5,,,
365, 2025-09-04 13:06:04,488.289,0,55.4,2.1583,,0.059952778,290310005.5,,,
366, 2025-09-04 13:06:05,488.399,0,55.6,2.1724,,0.060344444,290375405.5,,,
367, 2025-09-04 13:06:05,488.439,0,55.8,2.1724,,0.060344444,290399187.3,,,
368, 2025-09-04 13:06:05,488.529,0,56,2.1724,,0.060344444,290452696.4,,,
369, 2025-09-04 13:06:05,488.699,0,56.2,2.1724,,0.060344444,290553769.1,,,
370, 2025-09-04 13:06:06,488.799,0,56.4,2.1724,,0.060344444,290613223.6,,,
371, 2025-09-04 13:06:06,488.839,0,56.7,2.1879,,0.060775,290637005.5,,,
372, 2025-09-04 13:06:06,488.929,0,56.7,2.2394,,0.062205556,290690514.5,,,
373, 2025-09-04 13:06:06,489.05,0,56.9,2.2394,,0.062205556,290762454.5,,,
374, 2025-09-04 13:06:06,489.23,0,57.2,2.2394,,0.062205556,290869472.7,,,
375, 2025-09-04 13:06:06,489.23,0,57.2,2.2394,,0.062205556,290869472.7,,,
376, 2025-09-04 13:06:07,489.31,0,57.4,2.2518,,0.06255,290917036.4,,,
377, 2025-09-04 13:06:07,489.44,0,57.7,2.2518,,0.06255,290994327.3,,,
378, 2025-09-04 13:06:07,489.49,0,57.8,2.2518,,0.06255,291024054.5,,,
379, 2025-09-04 13:06:07,489.53,0,57.9,2.2518,,0.06255,291047836.4,,,
380, 2025-09-04 13:06:07,489.53,0,58,2.2518,,0.06255,291047836.4,,,
381, 2025-09-04 13:06:07,489.57,0,58,2.2518,,0.06255,291071618.2,,,
382, 2025-09-04 13:06:07,489.6,0,58.1,2.2518,,0.06255,291089454.5,,,
383, 2025-09-04 13:06:07,489.63,0,58.2,2.2674,,0.062983333,291107290.9,,,
384, 2025-09-04 13:06:08,489.72,0,58.5,2.2674,,0.062983333,291160800,,,
385, 2025-09-04 13:06:08,489.82,0,58.7,2.3188,,0.064411111,291220254.5,,,
386, 2025-09-04 13:06:08,489.93,0,58.8,2.3188,,0.064411111,291285654.5,,,
387, 2025-09-04 13:06:08,489.98,0,58.9,2.3188,,0.064411111,291315381.8,,,
388, 2025-09-04 13:06:08,490.02,0,59,2.3329,,0.064802778,291339163.6,,,
389, 2025-09-04 13:06:08,490.11,0,59.3,2.3329,,0.064802778,291392672.7,,,
390, 2025-09-04 13:06:09,490.221,0,59.5,2.3329,,0.064802778,291458667.3,,,
391, 2025-09-04 13:06:09,490.301,0,59.7,2.3329,,0.064802778,291506230.9,,,
392, 2025-09-04 13:06:09,490.401,0,59.9,2.35,,0.065277778,291565685.5,,,
393, 2025-09-04 13:06:09,490.481,0,60.1,2.35,,0.065277778,291613249.1,,,
394, 2025-09-04 13:06:09,490.551,0,60.4,2.3936,,0.066488889,291654867.3,,,
395, 2025-09-04 13:06:10,490.551,0,60.5,2.4077,,0.066880556,291654867.3,,,
396, 2025-09-04 13:06:10,490.611,0,60.5,2.4077,,0.066880556,291690540,,,
397, 2025-09-04 13:06:10,490.701,0,60.7,2.4077,,0.066880556,291744049.1,,,
398, 2025-09-04 13:06:10,490.801,0,61,2.4077,,0.066880556,291803503.6,,,
399, 2025-09-04 13:06:10,490.801,0,61.1,2.4077,,0.066880556,291803503.6,,,
400, 2025-09-04 13:06:10,490.871,0,61.1,2.4077,,0.066880556,291845121.8,,,
401, 2025-09-04 13:06:10,490.891,0,61.2,2.4077,,0.066880556,291857012.7,,,
402, 2025-09-04 13:06:11,490.941,0,61.5,2.4264,,0.0674,291886740,,,
403, 2025-09-04 13:06:11,491.081,0,61.7,2.4264,,0.0674,291969976.4,,,
404, 2025-09-04 13:06:11,491.131,0,61.8,2.4778,,0.068827778,291999703.6,,,
405, 2025-09-04 13:06:11,491.131,0,61.9,2.4778,,0.068827778,291999703.6,,,
406, 2025-09-04 13:06:11,491.171,0,61.9,2.4965,,0.069347222,292023485.5,,,
407, 2025-09-04 13:06:11,491.251,0,62.1,2.4965,,0.069347222,292071049.1,,,
408, 2025-09-04 13:06:11,491.321,0,62.4,2.4965,,0.069347222,292112667.3,,,
409, 2025-09-04 13:06:12,491.391,0,62.6,2.4965,,0.069347222,292154285.5,,,
410, 2025-09-04 13:06:12,491.462,0,62.8,2.4965,,0.069347222,292196498.2,,,
411, 2025-09-04 13:06:12,491.482,0,62.9,2.4965,,0.069347222,292208389.1,,,
412, 2025-09-04 13:06:12,491.512,0,63,2.509,,0.069694444,292226225.5,,,
413, 2025-09-04 13:06:12,491.552,0,63.1,2.509,,0.069694444,292250007.3,,,
414, 2025-09-04 13:06:12,491.552,0,63.2,2.5557,,0.070991667,292250007.3,,,
415, 2025-09-04 13:06:12,491.582,0,63.3,2.5557,,0.070991667,292267843.6,,,
416, 2025-09-04 13:06:12,491.622,0,63.4,2.5557,,0.070991667,292291625.5,,,
417, 2025-09-04 13:06:13,491.662,0,63.4,2.5713,,0.071425,292315407.3,,,
418, 2025-09-04 13:06:13,491.692,0,63.6,2.5713,,0.071425,292333243.6,,,
419, 2025-09-04 13:06:13,491.732,0,63.7,2.5713,,0.071425,292357025.5,,,
420, 2025-09-04 13:06:13,491.812,0,63.9,2.5713,,0.071425,292404589.1,,,
421, 2025-09-04 13:06:13,491.982,0,64.2,2.5713,,0.071425,292505661.8,,,
422, 2025-09-04 13:06:13,492.012,0,64.3,2.5713,,0.071425,292523498.2,,,
423, 2025-09-04 13:06:14,492.082,0,64.5,2.5713,,0.071425,292565116.4,,,
424, 2025-09-04 13:06:14,492.112,0,64.7,2.59,,0.071944444,292582952.7,,,
425, 2025-09-04 13:06:14,492.182,0,64.9,2.59,,0.071944444,292624570.9,,,
426, 2025-09-04 13:06:14,492.262,0,65.1,2.6367,,0.073241667,292672134.5,,,
427, 2025-09-04 13:06:14,492.282,0,65.2,2.6367,,0.073241667,292684025.5,,,
428, 2025-09-04 13:06:15,492.312,0,65.4,2.6539,,0.073719444,292701861.8,,,
429, 2025-09-04 13:06:15,492.352,0,65.6,2.6539,,0.073719444,292725643.6,,,
430, 2025-09-04 13:06:15,492.382,0,65.8,2.6539,,0.073719444,292743480,,,
431, 2025-09-04 13:06:15,492.432,0,66.1,2.6539,,0.073719444,292773207.3,,,
432, 2025-09-04 13:06:15,492.432,0,66.2,2.6539,,0.073719444,292773207.3,,,
433, 2025-09-04 13:06:15,492.502,0,66.2,2.6695,,0.074152778,292814825.5,,,
434, 2025-09-04 13:06:15,492.552,0,66.3,2.6695,,0.074152778,292844552.7,,,
435, 2025-09-04 13:06:16,492.622,0,66.5,2.7193,,0.075536111,292886170.9,,,
436, 2025-09-04 13:06:16,492.682,0,66.7,2.7193,,0.075536111,292921843.6,,,
437, 2025-09-04 13:06:16,492.753,0,67,2.7334,,0.075927778,292964056.4,,,
438, 2025-09-04 13:06:16,492.823,0,67.2,2.7334,,0.075927778,293005674.5,,,
439, 2025-09-04 13:06:16,492.843,0,67.4,2.7334,,0.075927778,293017565.5,,,
440, 2025-09-04 13:06:17,492.883,0,67.5,2.7334,,0.075927778,293041347.3,,,
441, 2025-09-04 13:06:17,492.913,0,67.6,2.7334,,0.075927778,293059183.6,,,
442, 2025-09-04 13:06:17,492.913,0,67.6,2.7334,,0.075927778,293059183.6,,,
443, 2025-09-04 13:06:17,492.983,0,67.8,2.7489,,0.076358333,293100801.8,,,
444, 2025-09-04 13:06:17,493.023,0,68.1,2.7957,,0.077658333,293124583.6,,,
445, 2025-09-04 13:06:17,493.073,0,68.3,2.7957,,0.077658333,293154310.9,,,
446, 2025-09-04 13:06:17,493.133,0,68.4,2.7957,,0.077658333,293189983.6,,,
447, 2025-09-04 13:06:18,493.133,0,68.5,2.8097,,0.078047222,293189983.6,,,
448, 2025-09-04 13:06:18,493.173,0,68.5,2.8097,,0.078047222,293213765.5,,,
449, 2025-09-04 13:06:18,493.213,0,68.8,2.8097,,0.078047222,293237547.3,,,
450, 2025-09-04 13:06:18,493.253,0,68.9,2.8097,,0.078047222,293261329.1,,,
451, 2025-09-04 13:06:18,493.273,0,69,2.8097,,0.078047222,293273220,,,
452, 2025-09-04 13:06:18,493.273,0,69,2.8097,,0.078047222,293273220,,,
453, 2025-09-04 13:06:18,493.333,0,69.3,2.8097,,0.078047222,293308892.7,,,
454, 2025-09-04 13:06:18,493.353,0,69.4,2.8237,,0.078436111,293320783.6,,,
455, 2025-09-04 13:06:19,493.363,0,69.6,2.8752,,0.079866667,293326729.1,,,
456, 2025-09-04 13:06:19,493.383,0,69.8,2.8752,,0.079866667,293338620,,,
457, 2025-09-04 13:06:19,493.393,0,69.9,2.8939,,0.080386111,293344565.5,,,
458, 2025-09-04 13:06:19,493.453,0,70.1,2.8939,,0.080386111,293380238.2,,,
459, 2025-09-04 13:06:19,493.503,0,70.3,2.8939,,0.080386111,293409965.5,,,
460, 2025-09-04 13:06:20,493.563,0,70.5,2.8939,,0.080386111,293445638.2,,,
461, 2025-09-04 13:06:20,493.623,0,70.7,2.8939,,0.080386111,293481310.9,,,
462, 2025-09-04 13:06:20,493.643,0,71,2.911,,0.080861111,293493201.8,,,
463, 2025-09-04 13:06:20,493.663,0,71.1,2.911,,0.080861111,293505092.7,,,
464, 2025-09-04 13:06:20,493.673,0,71.1,2.911,,0.080861111,293511038.2,,,
465, 2025-09-04 13:06:20,493.693,0,71.2,2.911,,0.080861111,293522929.1,,,
466, 2025-09-04 13:06:21,493.743,0,71.4,2.9578,,0.082161111,293552656.4,,,
467, 2025-09-04 13:06:21,493.793,0,71.6,2.9578,,0.082161111,293582383.6,,,
468, 2025-09-04 13:06:21,493.813,0,71.9,2.9734,,0.082594444,293594274.5,,,
469, 2025-09-04 13:06:21,493.843,0,72.1,2.9734,,0.082594444,293612110.9,,,
470, 2025-09-04 13:06:21,493.854,0,72.1,2.9734,,0.082594444,293618650.9,,,
471, 2025-09-04 13:06:21,493.874,0,72.2,2.9734,,0.082594444,293630541.8,,,
472, 2025-09-04 13:06:21,493.893,0,72.3,2.9734,,0.082594444,293641838.2,,,
473, 2025-09-04 13:06:22,493.904,0,72.5,2.9734,,0.082594444,293648378.2,,,
474, 2025-09-04 13:06:22,493.924,0,72.8,2.9921,,0.083113889,293660269.1,,,
475, 2025-09-04 13:06:22,493.924,0,72.8,2.9921,,0.083113889,293660269.1,,,
476, 2025-09-04 13:06:22,493.974,0,73,3.0372,,0.084366667,293689996.4,,,
477, 2025-09-04 13:06:22,494.064,0,73.3,3.0372,,0.084366667,293743505.5,,,
478, 2025-09-04 13:06:22,494.084,0,73.4,3.0575,,0.084930556,293755396.4,,,
479, 2025-09-04 13:06:23,494.084,0,73.5,3.0575,,0.084930556,293755396.4,,,
480, 2025-09-04 13:06:23,494.104,0,73.5,3.0575,,0.084930556,293767287.3,,,
481, 2025-09-04 13:06:23,494.124,0,73.6,3.0575,,0.084930556,293779178.2,,,
482, 2025-09-04 13:06:23,494.144,0,73.9,3.0575,,0.084930556,293791069.1,,,
483, 2025-09-04 13:06:23,494.164,0,74.1,3.0575,,0.084930556,293802960,,,
484, 2025-09-04 13:06:23,494.174,0,74.3,3.07,,0.085277778,293808905.5,,,
485, 2025-09-04 13:06:23,494.184,0,74.4,3.07,,0.085277778,293814850.9,,,
486, 2025-09-04 13:06:24,494.194,0,74.5,3.07,,0.085277778,293820796.4,,,
487, 2025-09-04 13:06:24,494.204,0,74.6,3.1183,,0.086619444,293826741.8,,,
488, 2025-09-04 13:06:24,494.214,0,74.7,3.1183,,0.086619444,293832687.3,,,
489, 2025-09-04 13:06:24,494.214,0,74.7,3.1401,,0.087225,293832687.3,,,
490, 2025-09-04 13:06:24,494.254,0,75,3.1401,,0.087225,293856469.1,,,
491, 2025-09-04 13:06:24,494.274,0,75.1,3.1401,,0.087225,293868360,,,
492, 2025-09-04 13:06:24,494.284,0,75.3,3.1401,,0.087225,293874305.5,,,
493, 2025-09-04 13:06:25,494.284,0,75.4,3.1401,,0.087225,293874305.5,,,
494, 2025-09-04 13:06:25,494.294,0,75.7,3.1401,,0.087225,293880250.9,,,
495, 2025-09-04 13:06:25,494.324,0,75.9,3.1557,,0.087658333,293898087.3,,,
496, 2025-09-04 13:06:25,494.364,0,76.1,3.1978,,0.088827778,293921869.1,,,
497, 2025-09-04 13:06:25,494.364,0,76.4,3.2118,,0.089216667,293921869.1,,,
498, 2025-09-04 13:06:26,494.374,0,76.6,3.2118,,0.089216667,293927814.5,,,
499, 2025-09-04 13:06:26,494.414,0,76.8,3.2118,,0.089216667,293951596.4,,,
500, 2025-09-04 13:06:26,494.414,0,77,3.2118,,0.089216667,293951596.4,,,
501, 2025-09-04 13:06:26,494.394,0,77.3,3.2118,,0.089216667,293939705.5,,,
502, 2025-09-04 13:06:27,494.404,0,77.5,3.2289,,0.089691667,293945650.9,,,
503, 2025-09-04 13:06:27,494.414,0,77.7,3.2289,,0.089691667,293951596.4,,,
504, 2025-09-04 13:06:27,494.424,0,77.8,3.2289,,0.089691667,293957541.8,,,
505, 2025-09-04 13:06:27,494.434,0,77.9,3.2679,,0.090775,293963487.3,,,
506, 2025-09-04 13:06:27,494.464,0,78.1,3.2866,,0.091294444,293981323.6,,,
507, 2025-09-04 13:06:27,494.494,0,78.3,3.2866,,0.091294444,293999160,,,
508, 2025-09-04 13:06:28,494.514,0,78.5,3.2866,,0.091294444,294011050.9,,,
509, 2025-09-04 13:06:29,494.564,0,79.6,3.3848,,0.094022222,294040778.2,,,
510, 2025-09-04 13:06:29,494.564,0,79.7,3.3848,,0.094022222,294040778.2,,,
511, 2025-09-04 13:06:29,494.554,0,79.7,3.3848,,0.094022222,294034832.7,,,
512, 2025-09-04 13:06:29,494.544,0,79.8,3.3848,,0.094022222,294028887.3,,,
513, 2025-09-04 13:06:29,494.524,0,80,3.3848,,0.094022222,294016996.4,,,
514, 2025-09-04 13:06:29,494.504,0,80.3,3.3848,,0.094022222,294005105.5,,,
515, 2025-09-04 13:06:30,494.524,0,80.5,3.3848,,0.094022222,294016996.4,,,
516, 2025-09-04 13:06:30,494.534,0,80.6,3.3848,,0.094022222,294022941.8,,,
517, 2025-09-04 13:06:30,494.554,0,80.7,3.3988,,0.094411111,294034832.7,,,
518, 2025-09-04 13:06:30,494.564,0,80.8,3.3988,,0.094411111,294040778.2,,,
519, 2025-09-04 13:06:30,494.574,0,80.9,3.3988,,0.094411111,294046723.6,,,
520, 2025-09-04 13:06:30,494.574,0,81,3.444,,0.095666667,294046723.6,,,
521, 2025-09-04 13:06:30,494.574,0,81.1,3.458,,0.096055556,294046723.6,,,
522, 2025-09-04 13:06:30,494.564,0,81.4,3.458,,0.096055556,294040778.2,,,
523, 2025-09-04 13:06:31,494.554,0,81.5,3.458,,0.096055556,294034832.7,,,
524, 2025-09-04 13:06:31,494.504,0,81.7,3.458,,0.096055556,294005105.5,,,
525, 2025-09-04 13:06:31,494.464,0,81.9,3.458,,0.096055556,293981323.6,,,
526, 2025-09-04 13:06:31,494.464,0,82.2,3.4736,,0.096488889,293981323.6,,,
527, 2025-09-04 13:06:31,494.484,0,82.3,3.4736,,0.096488889,293993214.5,,,
528, 2025-09-04 13:06:32,494.484,0,82.5,3.5141,,0.097613889,293993214.5,,,
529, 2025-09-04 13:06:32,494.494,0,82.7,3.5328,,0.098133333,293999160,,,
530, 2025-09-04 13:06:32,494.514,0,82.9,3.5328,,0.098133333,294011050.9,,,
531, 2025-09-04 13:06:32,494.504,0,83.1,3.5328,,0.098133333,294005105.5,,,
532, 2025-09-04 13:06:32,494.464,0,83.3,3.5328,,0.098133333,293981323.6,,,
533, 2025-09-04 13:06:33,494.424,0,83.6,3.5328,,0.098133333,293957541.8,,,
534, 2025-09-04 13:06:33,494.424,0,83.7,3.5531,,0.098697222,293957541.8,,,
535, 2025-09-04 13:06:33,494.414,0,83.7,3.5531,,0.098697222,293951596.4,,,
536, 2025-09-04 13:06:33,494.394,0,83.8,3.5531,,0.098697222,293939705.5,,,
537, 2025-09-04 13:06:33,494.354,0,84.1,3.6045,,0.100125,293915923.6,,,
538, 2025-09-04 13:06:33,494.334,0,84.3,3.6045,,0.100125,293904032.7,,,
539, 2025-09-04 13:06:33,494.314,0,84.4,3.6045,,0.100125,293892141.8,,,
540, 2025-09-04 13:06:34,494.324,0,84.4,3.6045,,0.100125,293898087.3,,,
541, 2025-09-04 13:06:34,494.314,0,84.6,3.6216,,0.1006,293892141.8,,,
542, 2025-09-04 13:06:34,494.304,0,84.9,3.6216,,0.1006,293886196.4,,,
543, 2025-09-04 13:06:34,494.304,0,85,3.6216,,0.1006,293886196.4,,,
544, 2025-09-04 13:06:34,494.294,0,85,3.6216,,0.1006,293880250.9,,,
545, 2025-09-04 13:06:34,494.294,0,85.2,3.6216,,0.1006,293880250.9,,,
546, 2025-09-04 13:06:35,494.264,0,85.5,3.6216,,0.1006,293862414.5,,,
547, 2025-09-04 13:06:35,494.254,0,85.6,3.631,,0.100861111,293856469.1,,,
548, 2025-09-04 13:06:35,494.244,0,85.7,3.631,,0.100861111,293850523.6,,,
549, 2025-09-04 13:06:35,494.244,0,85.7,3.6746,,0.102072222,293850523.6,,,
550, 2025-09-04 13:06:35,494.224,0,86,3.6746,,0.102072222,293838632.7,,,
551, 2025-09-04 13:06:35,494.184,0,86.2,3.6886,,0.102461111,293814850.9,,,
552, 2025-09-04 13:06:35,494.184,0,86.3,3.6886,,0.102461111,293814850.9,,,
553, 2025-09-04 13:06:35,494.164,0,86.3,3.6886,,0.102461111,293802960,,,
554, 2025-09-04 13:06:36,494.154,0,86.5,3.6886,,0.102461111,293797014.5,,,
555, 2025-09-04 13:06:36,494.084,0,86.7,3.6886,,0.102461111,293755396.4,,,
556, 2025-09-04 13:06:36,494.024,0,86.9,3.6886,,0.102461111,293719723.6,,,
557, 2025-09-04 13:06:36,493.994,0,87.1,3.7105,,0.103069444,293701887.3,,,
558, 2025-09-04 13:06:36,493.974,0,87.2,3.7619,,0.104497222,293689996.4,,,
559, 2025-09-04 13:06:37,493.964,0,87.5,3.7619,,0.104497222,293684050.9,,,
560, 2025-09-04 13:06:37,493.914,0,87.7,3.7806,,0.105016667,293654323.6,,,
561, 2025-09-04 13:06:37,493.893,0,87.9,3.7806,,0.105016667,293641838.2,,,
562, 2025-09-04 13:06:37,493.884,0,88.1,3.7806,,0.105016667,293636487.3,,,
563, 2025-09-04 13:06:37,493.854,0,88.4,3.7806,,0.105016667,293618650.9,,,
564, 2025-09-04 13:06:38,493.823,0,88.6,3.7899,,0.105275,293600220,,,
565, 2025-09-04 13:06:38,493.743,0,88.7,3.7899,,0.105275,293552656.4,,,
566, 2025-09-04 13:06:38,493.703,0,88.9,3.8414,,0.106705556,293528874.5,,,
567, 2025-09-04 13:06:38,493.663,0,89.2,3.8414,,0.106705556,293505092.7,,,
568, 2025-09-04 13:06:38,493.643,0,89.4,3.8569,,0.107136111,293493201.8,,,
569, 2025-09-04 13:06:39,493.613,0,89.4,3.8569,,0.107136111,293475365.5,,,
570, 2025-09-04 13:06:39,493.563,0,89.6,3.8569,,0.107136111,293445638.2,,,
571, 2025-09-04 13:06:39,493.503,0,89.8,3.8569,,0.107136111,293409965.5,,,
572, 2025-09-04 13:06:39,493.453,0,90,3.8569,,0.107136111,293380238.2,,,
573, 2025-09-04 13:06:39,493.423,0,90.3,3.871,,0.107527778,293362401.8,,,
574, 2025-09-04 13:06:40,493.373,0,90.5,3.9208,,0.108911111,293332674.5,,,
575, 2025-09-04 13:06:40,493.353,0,90.6,3.9208,,0.108911111,293320783.6,,,
576, 2025-09-04 13:06:40,493.333,0,90.7,3.9208,,0.108911111,293308892.7,,,
577, 2025-09-04 13:06:40,493.323,0,90.8,3.9395,,0.109430556,293302947.3,,,
578, 2025-09-04 13:06:40,493.323,0,90.9,3.9395,,0.109430556,293302947.3,,,
579, 2025-09-04 13:06:40,493.303,0,90.9,3.9395,,0.109430556,293291056.4,,,
580, 2025-09-04 13:06:40,493.223,0,91.2,3.9395,,0.109430556,293243492.7,,,
581, 2025-09-04 13:06:40,493.163,0,91.3,3.9395,,0.109430556,293207820,,,
582, 2025-09-04 13:06:40,493.113,0,91.4,3.9395,,0.109430556,293178092.7,,,
583, 2025-09-04 13:06:41,493.113,0,91.4,3.9395,,0.109430556,293178092.7,,,
584, 2025-09-04 13:06:41,492.993,0,91.7,3.9395,,0.109430556,293106747.3,,,
585, 2025-09-04 13:06:41,492.943,0,91.9,3.9395,,0.109430556,293077020,,,
586, 2025-09-04 13:06:41,492.873,0,92.1,3.9582,,0.10995,293035401.8,,,
587, 2025-09-04 13:06:41,492.813,0,92.3,4.0097,,0.111380556,292999729.1,,,
588, 2025-09-04 13:06:42,492.783,0,92.6,4.0284,,0.1119,292981892.7,,,
589, 2025-09-04 13:06:42,492.733,0,92.8,4.0284,,0.1119,292952165.5,,,
590, 2025-09-04 13:06:42,492.703,0,92.8,4.0284,,0.1119,292934329.1,,,
591, 2025-09-04 13:06:42,492.652,0,93,4.0284,,0.1119,292904007.3,,,
592, 2025-09-04 13:06:42,492.592,0,93.3,4.0284,,0.1119,292868334.5,,,
593, 2025-09-04 13:06:43,492.552,0,93.4,4.0393,,0.112202778,292844552.7,,,
594, 2025-09-04 13:06:43,492.522,0,93.5,4.0393,,0.112202778,292826716.4,,,
595, 2025-09-04 13:06:43,492.492,0,93.6,4.0393,,0.112202778,292808880,,,
596, 2025-09-04 13:06:43,492.422,0,93.8,4.0891,,0.113586111,292767261.8,,,
597, 2025-09-04 13:06:43,492.332,0,94,4.1047,,0.114019444,292713752.7,,,
598, 2025-09-04 13:06:43,492.252,0,94.2,4.1047,,0.114019444,292666189.1,,,
599, 2025-09-04 13:06:44,492.112,0,94.5,4.1047,,0.114019444,292582952.7,,,
600, 2025-09-04 13:06:44,492.072,0,94.6,4.1047,,0.114019444,292559170.9,,,
601, 2025-09-04 13:06:44,492.032,0,94.7,4.1047,,0.114019444,292535389.1,,,
602, 2025-09-04 13:06:44,491.992,0,94.8,4.1047,,0.114019444,292511607.3,,,
603, 2025-09-04 13:06:44,491.962,0,94.9,4.1047,,0.114019444,292493770.9,,,
604, 2025-09-04 13:06:44,491.962,0,94.9,4.1219,,0.114497222,292493770.9,,,
605, 2025-09-04 13:06:44,491.882,0,95.2,4.1219,,0.114497222,292446207.3,,,
606, 2025-09-04 13:06:44,491.812,0,95.3,4.1219,,0.114497222,292404589.1,,,
607, 2025-09-04 13:06:44,491.772,0,95.4,4.1733,,0.115925,292380807.3,,,
608, 2025-09-04 13:06:45,491.742,0,95.5,4.1733,,0.115925,292362970.9,,,
609, 2025-09-04 13:06:45,491.742,0,95.6,4.1842,,0.116227778,292362970.9,,,
610, 2025-09-04 13:06:45,491.702,0,95.7,4.1842,,0.116227778,292339189.1,,,
611, 2025-09-04 13:06:45,491.662,0,95.8,4.1842,,0.116227778,292315407.3,,,
612, 2025-09-04 13:06:45,491.442,0,96.1,4.1842,,0.116227778,292184607.3,,,
613, 2025-09-04 13:06:45,491.351,0,96.3,4.1842,,0.116227778,292130503.6,,,
614, 2025-09-04 13:06:46,491.281,0,96.5,4.1842,,0.116227778,292088885.5,,,
615, 2025-09-04 13:06:46,491.241,0,96.8,4.2029,,0.116747222,292065103.6,,,
616, 2025-09-04 13:06:46,491.111,0,96.9,4.2403,,0.117786111,291987812.7,,,
617, 2025-09-04 13:06:46,491.011,0,97.1,4.2574,,0.118261111,291928358.2,,,
618, 2025-09-04 13:06:46,490.911,0,97.3,4.2574,,0.118261111,291868903.6,,,
619, 2025-09-04 13:06:47,490.801,0,97.5,4.2574,,0.118261111,291803503.6,,,
620, 2025-09-04 13:06:47,490.691,0,97.7,4.2574,,0.118261111,291738103.6,,,
621, 2025-09-04 13:06:47,490.581,0,97.9,4.2574,,0.118261111,291672703.6,,,
622, 2025-09-04 13:06:47,490.461,0,98.1,4.2761,,0.118780556,291601358.2,,,
623, 2025-09-04 13:06:47,490.341,0,98.4,4.2761,,0.118780556,291530012.7,,,
624, 2025-09-04 13:06:48,490.191,0,98.6,4.3245,,0.120125,291440830.9,,,
625, 2025-09-04 13:06:48,490.14,0,98.7,4.3245,,0.120125,291410509.1,,,
626, 2025-09-04 13:06:48,490.08,0,98.8,4.3245,,0.120125,291374836.4,,,
627, 2025-09-04 13:06:48,490.08,0,98.9,4.3245,,0.120125,291374836.4,,,
628, 2025-09-04 13:06:48,490.02,0,98.9,4.3385,,0.120513889,291339163.6,,,
629, 2025-09-04 13:06:48,489.96,0,99,4.3385,,0.120513889,291303490.9,,,
630, 2025-09-04 13:06:48,489.9,0,99.1,4.3385,,0.120513889,291267818.2,,,
631, 2025-09-04 13:06:48,489.81,0,99.3,4.3385,,0.120513889,291214309.1,,,
632, 2025-09-04 13:06:49,489.69,0,99.5,4.3385,,0.120513889,291142963.6,,,
633, 2025-09-04 13:06:49,489.56,0,99.7,4.3385,,0.120513889,291065672.7,,,
634, 2025-09-04 13:06:49,489.38,0,100,4.3556,,0.120988889,290958654.5,,,
635, 2025-09-04 13:06:49,489.31,0,100.1,4.3556,,0.120988889,290917036.4,,,
636, 2025-09-04 13:06:49,489.25,0,100.2,4.3556,,0.120988889,290881363.6,,,
637, 2025-09-04 13:06:49,489.17,0,100.3,4.4024,,0.122288889,290833800,,,
638, 2025-09-04 13:06:49,489.09,0,100.4,4.4024,,0.122288889,290786236.4,,,
639, 2025-09-04 13:06:50,489.009,0,100.5,4.4226,,0.12285,290738078.2,,,
640, 2025-09-04 13:06:50,488.939,0,100.6,4.4226,,0.12285,290696460,,,
641, 2025-09-04 13:06:50,488.869,0,100.7,4.4226,,0.12285,290654841.8,,,
642, 2025-09-04 13:06:50,488.869,0,100.8,4.4226,,0.12285,290654841.8,,,
643, 2025-09-04 13:06:50,488.799,0,100.9,4.4226,,0.12285,290613223.6,,,
644, 2025-09-04 13:06:50,488.729,0,100.9,4.4226,,0.12285,290571605.5,,,
645, 2025-09-04 13:06:50,488.649,0,101,4.4226,,0.12285,290524041.8,,,
646, 2025-09-04 13:06:50,488.569,0,101.2,4.4226,,0.12285,290476478.2,,,
647, 2025-09-04 13:06:50,488.339,0,101.4,4.4367,,0.123241667,290339732.7,,,
648, 2025-09-04 13:06:51,488.269,0,101.5,4.4367,,0.123241667,290298114.5,,,
649, 2025-09-04 13:06:51,488.199,0,101.6,4.4367,,0.123241667,290256496.4,,,
650, 2025-09-04 13:06:51,488.059,0,101.8,4.4881,,0.124669444,290173260,,,
651, 2025-09-04 13:06:51,487.899,0,102,4.4881,,0.124669444,290078132.7,,,
652, 2025-09-04 13:06:51,487.819,0,102.3,4.5068,,0.125188889,290030569.1,,,
653, 2025-09-04 13:06:51,487.578,0,102.4,4.5068,,0.125188889,289887283.6,,,
654, 2025-09-04 13:06:52,487.418,0,102.6,4.5068,,0.125188889,289792156.4,,,
655, 2025-09-04 13:06:52,487.218,0,102.8,4.5068,,0.125188889,289673247.3,,,
656, 2025-09-04 13:06:52,487.028,0,103,4.5192,,0.125533333,289560283.6,,,
657, 2025-09-04 13:06:52,486.828,0,103.2,4.566,,0.126833333,289441374.5,,,
658, 2025-09-04 13:06:53,486.618,0,103.4,4.566,,0.126833333,289316520,,,
659, 2025-09-04 13:06:53,486.427,0,103.6,4.5863,,0.127397222,289202961.8,,,
660, 2025-09-04 13:06:53,486.337,0,103.9,4.5863,,0.127397222,289149452.7,,,
661, 2025-09-04 13:06:53,486.167,0,103.9,4.5863,,0.127397222,289048380,,,
662, 2025-09-04 13:06:53,486.077,0,104,4.5863,,0.127397222,288994870.9,,,
663, 2025-09-04 13:06:53,485.877,0,104.3,4.5863,,0.127397222,288875961.8,,,
664, 2025-09-04 13:06:54,485.567,0,104.5,4.5863,,0.127397222,288691652.7,,,
665, 2025-09-04 13:06:54,485.347,0,104.7,4.6003,,0.127786111,288560852.7,,,
666, 2025-09-04 13:06:54,485.236,0,104.8,4.6003,,0.127786111,288494858.2,,,
667, 2025-09-04 13:06:54,485.136,0,104.9,4.6517,,0.129213889,288435403.6,,,
668, 2025-09-04 13:06:54,485.026,0,105,4.6517,,0.129213889,288370003.6,,,
669, 2025-09-04 13:06:54,485.026,0,105,4.6704,,0.129733333,288370003.6,,,
670, 2025-09-04 13:06:54,484.806,0,105.3,4.6704,,0.129733333,288239203.6,,,
671, 2025-09-04 13:06:54,484.586,0,105.4,4.6704,,0.129733333,288108403.6,,,
672, 2025-09-04 13:06:55,484.456,0,105.5,4.6704,,0.129733333,288031112.7,,,
673, 2025-09-04 13:06:55,484.326,0,105.6,4.6704,,0.129733333,287953821.8,,,
674, 2025-09-04 13:06:55,484.176,0,105.7,4.6704,,0.129733333,287864640,,,
675, 2025-09-04 13:06:55,484.035,0,105.8,4.6704,,0.129733333,287780809.1,,,
676, 2025-09-04 13:06:55,483.905,0,105.9,4.6704,,0.129733333,287703518.2,,,
677, 2025-09-04 13:06:55,483.905,0,105.9,4.6704,,0.129733333,287703518.2,,,
678, 2025-09-04 13:06:55,483.775,0,106,4.6704,,0.129733333,287626227.3,,,
679, 2025-09-04 13:06:55,483.645,0,106.1,4.6704,,0.129733333,287548936.4,,,
680, 2025-09-04 13:06:55,483.275,0,106.4,4.6844,,0.130122222,287328954.5,,,
681, 2025-09-04 13:06:56,483.025,0,106.6,4.7405,,0.131680556,287180318.2,,,
682, 2025-09-04 13:06:56,482.905,0,106.7,4.7405,,0.131680556,287108972.7,,,
683, 2025-09-04 13:06:56,482.654,0,106.9,4.7546,,0.132072222,286959741.8,,,
684, 2025-09-04 13:06:56,482.394,0,107.1,4.7546,,0.132072222,286805160,,,
685, 2025-09-04 13:06:56,482.114,0,107.3,4.7546,,0.132072222,286638687.3,,,
686, 2025-09-04 13:06:57,481.854,0,107.5,4.7546,,0.132072222,286484105.5,,,
687, 2025-09-04 13:06:57,481.563,0,107.7,4.7546,,0.132072222,286311092.7,,,
688, 2025-09-04 13:06:57,481.263,0,107.9,4.7686,,0.132461111,286132729.1,,,
689, 2025-09-04 13:06:57,481.103,0,108.2,4.8247,,0.134019444,286037601.8,,,
690, 2025-09-04 13:06:57,480.623,0,108.4,4.8247,,0.134019444,285752220,,,
691, 2025-09-04 13:06:58,480.453,0,108.4,4.834,,0.134277778,285651147.3,,,
692, 2025-09-04 13:06:58,480.272,0,108.5,4.834,,0.134277778,285543534.5,,,
693, 2025-09-04 13:06:58,480.102,0,108.6,4.834,,0.134277778,285442461.8,,,
694, 2025-09-04 13:06:58,479.752,0,108.8,4.834,,0.134277778,285234370.9,,,
695, 2025-09-04 13:06:58,479.442,0,109,4.834,,0.134277778,285050061.8,,,
696, 2025-09-04 13:06:58,479.121,0,109.2,4.834,,0.134277778,284859212.7,,,
697, 2025-09-04 13:06:59,478.771,0,109.4,4.8481,,0.134669444,284651121.8,,,
698, 2025-09-04 13:06:59,478.421,0,109.7,4.8481,,0.134669444,284443030.9,,,
699, 2025-09-04 13:06:59,477.89,0,109.9,4.9042,,0.136227778,284127327.3,,,
700, 2025-09-04 13:06:59,477.89,0,110,4.9182,,0.136616667,284127327.3,,,
701, 2025-09-04 13:06:59,477.69,0,110,4.9182,,0.136616667,284008418.2,,,
702, 2025-09-04 13:06:59,477.5,0,110.1,4.9182,,0.136616667,283895454.5,,,
703, 2025-09-04 13:06:59,477.1,0,110.3,4.9182,,0.136616667,283657636.4,,,
704, 2025-09-04 13:07:00,476.719,0,110.6,4.9182,,0.136616667,283431114.5,,,
705, 2025-09-04 13:07:00,476.329,0,110.7,4.9182,,0.136616667,283199241.8,,,
706, 2025-09-04 13:07:00,475.719,0,111,4.9353,,0.137091667,282836569.1,,,
707, 2025-09-04 13:07:00,475.719,0,111.1,4.9353,,0.137091667,282836569.1,,,
708, 2025-09-04 13:07:00,475.298,0,111.2,4.9868,,0.138522222,282586265.5,,,
709, 2025-09-04 13:07:01,474.878,0,111.5,4.9868,,0.138522222,282336556.4,,,
710, 2025-09-04 13:07:01,474.227,0,111.7,4.9868,,0.138522222,281949507.3,,,
711, 2025-09-04 13:07:01,473.987,0,111.8,4.9868,,0.138522222,281806816.4,,,
712, 2025-09-04 13:07:01,473.747,0,111.9,5.0023,,0.138952778,281664125.5,,,
713, 2025-09-04 13:07:01,473.507,0,112,5.0023,,0.138952778,281521434.5,,,
714, 2025-09-04 13:07:01,473.267,0,112.1,5.0023,,0.138952778,281378743.6,,,
715, 2025-09-04 13:07:01,473.267,0,112.2,5.0023,,0.138952778,281378743.6,,,
716, 2025-09-04 13:07:01,473.036,0,112.3,5.0023,,0.138952778,281241403.6,,,
717, 2025-09-04 13:07:01,472.806,0,112.3,5.0023,,0.138952778,281104658.2,,,
718, 2025-09-04 13:07:02,472.576,0,112.4,5.0023,,0.138952778,280967912.7,,,
719, 2025-09-04 13:07:02,472.346,0,112.5,5.0023,,0.138952778,280831167.3,,,
720, 2025-09-04 13:07:02,472.106,0,112.6,5.0195,,0.139430556,280688476.4,,,
721, 2025-09-04 13:07:02,471.355,0,112.9,5.0195,,0.139430556,280241972.7,,,
722, 2025-09-04 13:07:02,471.095,0,113,5.0195,,0.139430556,280087390.9,,,
723, 2025-09-04 13:07:02,470.574,0,113.2,5.0678,,0.140772222,279777632.7,,,
724, 2025-09-04 13:07:02,470.314,0,113.4,5.0865,,0.141291667,279623050.9,,,
725, 2025-09-04 13:07:04,467.012,0,114.5,5.0865,,0.141291667,277659861.8,,,
726, 2025-09-04 13:07:04,466.731,0,114.8,5.1613,,0.143369444,277492794.5,,,
727, 2025-09-04 13:07:04,466.141,0,114.8,5.18,,0.143888889,277142012.7,,,
728, 2025-09-04 13:07:04,465.831,0,114.9,5.18,,0.143888889,276957703.6,,,
729, 2025-09-04 13:07:04,465.2,0,115.1,5.18,,0.143888889,276582545.5,,,
730, 2025-09-04 13:07:04,464.56,0,115.3,5.18,,0.143888889,276202036.4,,,
731, 2025-09-04 13:07:05,463.929,0,115.5,5.18,,0.143888889,275826878.2,,,
732, 2025-09-04 13:07:05,463.929,0,115.5,5.18,,0.143888889,275826878.2,,,
733, 2025-09-04 13:07:05,463.599,0,115.6,5.18,,0.143888889,275630678.2,,,
734, 2025-09-04 13:07:05,462.608,0,115.9,5.1987,,0.144408333,275041483.6,,,
735, 2025-09-04 13:07:05,462.278,0,116,5.1987,,0.144408333,274845283.6,,,
736, 2025-09-04 13:07:05,462.278,0,116,5.2454,,0.145705556,274845283.6,,,
737, 2025-09-04 13:07:05,461.617,0,116.2,5.2454,,0.145705556,274452289.1,,,
738, 2025-09-04 13:07:05,460.957,0,116.4,5.2454,,0.145705556,274059889.1,,,
739, 2025-09-04 13:07:06,460.616,0,116.5,5.2673,,0.146313889,273857149.1,,,
740, 2025-09-04 13:07:06,460.266,0,116.6,5.2673,,0.146313889,273649058.2,,,
741, 2025-09-04 13:07:06,459.916,0,116.7,5.2673,,0.146313889,273440967.3,,,
742, 2025-09-04 13:07:06,459.916,0,116.8,5.2673,,0.146313889,273440967.3,,,
743, 2025-09-04 13:07:06,459.545,0,116.8,5.2673,,0.146313889,273220390.9,,,
744, 2025-09-04 13:07:06,458.425,0,117.1,5.2673,,0.146313889,272554500,,,
745, 2025-09-04 13:07:06,458.044,0,117.2,5.2673,,0.146313889,272327978.2,,,
746, 2025-09-04 13:07:06,458.044,0,117.3,5.2735,,0.146486111,272327978.2,,,
747, 2025-09-04 13:07:06,457.674,0,117.3,5.2735,,0.146486111,272107996.4,,,
748, 2025-09-04 13:07:07,456.563,0,117.6,5.2735,,0.146486111,271447456.4,,,
749, 2025-09-04 13:07:07,456.183,0,117.7,5.3202,,0.147783333,271221529.1,,,
750, 2025-09-04 13:07:07,456.183,0,117.8,5.3202,,0.147783333,271221529.1,,,
751, 2025-09-04 13:07:07,455.012,0,118,5.3389,,0.148302778,270525316.4,,,
752, 2025-09-04 13:07:07,454.221,0,118.2,5.3389,,0.148302778,270055030.9,,,
753, 2025-09-04 13:07:07,453.43,0,118.4,5.3389,,0.148302778,269584745.5,,,
754, 2025-09-04 13:07:08,452.61,0,118.6,5.3389,,0.148302778,269097218.2,,,
755, 2025-09-04 13:07:08,452.199,0,118.9,5.3389,,0.148302778,268852860,,,
756, 2025-09-04 13:07:08,450.968,0,119,5.3389,,0.148302778,268120974.5,,,
757, 2025-09-04 13:07:08,450.128,0,119.2,5.3576,,0.148822222,267621556.4,,,
758, 2025-09-04 13:07:09,449.277,0,119.4,5.395,,0.149861111,267115598.2,,,
759, 2025-09-04 13:07:09,448.406,0,119.6,5.395,,0.149861111,266597749.1,,,
760, 2025-09-04 13:07:09,447.526,0,119.8,5.4169,,0.150469444,266074549.1,,,
761, 2025-09-04 13:07:09,446.595,0,120,5.4169,,0.150469444,265521027.3,,,
762, 2025-09-04 13:07:09,445.644,0,120.2,5.4169,,0.150469444,264955614.5,,,
763, 2025-09-04 13:07:10,444.713,0,120.5,5.4169,,0.150469444,264402092.7,,,
764, 2025-09-04 13:07:10,443.312,0,120.7,5.4169,,0.150469444,263569134.5,,,
765, 2025-09-04 13:07:10,442.832,0,120.8,5.4309,,0.150858333,263283752.7,,,
766, 2025-09-04 13:07:10,442.341,0,120.9,5.4309,,0.150858333,262991830.9,,,
767, 2025-09-04 13:07:10,441.861,0,121,5.4309,,0.150858333,262706449.1,,,
768, 2025-09-04 13:07:10,441.381,0,121.1,5.4776,,0.152155556,262421067.3,,,
769, 2025-09-04 13:07:10,440.9,0,121.2,5.4776,,0.152155556,262135090.9,,,
770, 2025-09-04 13:07:10,440.9,0,121.2,5.4917,,0.152547222,262135090.9,,,
771, 2025-09-04 13:07:10,440.42,0,121.3,5.4917,,0.152547222,261849709.1,,,
772, 2025-09-04 13:07:11,438.929,0,121.6,5.4917,,0.152547222,260963241.8,,,
773, 2025-09-04 13:07:11,437.888,0,121.8,5.4917,,0.152547222,260344320,,,
774, 2025-09-04 13:07:11,436.847,0,122,5.4917,,0.152547222,259725398.2,,,
775, 2025-09-04 13:07:11,435.796,0,122.2,5.4917,,0.152547222,259100530.9,,,
776, 2025-09-04 13:07:11,434.695,0,122.4,5.5119,,0.153108333,258445936.4,,,
777, 2025-09-04 13:07:12,433.584,0,122.6,5.5618,,0.154494444,257785396.4,,,
778, 2025-09-04 13:07:12,433.034,0,122.9,5.582,,0.155055556,257458396.4,,,
779, 2025-09-04 13:07:12,431.392,0,123.1,5.582,,0.155055556,256482152.7,,,
780, 2025-09-04 13:07:12,430.832,0,123.1,5.582,,0.155055556,256149207.3,,,
781, 2025-09-04 13:07:12,430.262,0,123.2,5.582,,0.155055556,255810316.4,,,
782, 2025-09-04 13:07:12,429.691,0,123.3,5.582,,0.155055556,255470830.9,,,
783, 2025-09-04 13:07:13,428.55,0,123.5,5.582,,0.155055556,254792454.5,,,
784, 2025-09-04 13:07:13,427.399,0,123.7,5.5914,,0.155316667,254108132.7,,,
785, 2025-09-04 13:07:13,426.218,0,123.9,5.5914,,0.155316667,253405974.5,,,
786, 2025-09-04 13:07:13,424.997,0,124.2,5.6475,,0.156875,252680034.5,,,
787, 2025-09-04 13:07:13,423.146,0,124.4,5.6475,,0.156875,251579530.9,,,
788, 2025-09-04 13:07:14,421.885,0,124.6,5.6662,,0.157394444,250829809.1,,,
789, 2025-09-04 13:07:14,421.254,0,124.7,5.6662,,0.157394444,250454650.9,,,
790, 2025-09-04 13:07:14,420.624,0,124.8,5.6662,,0.157394444,250080087.3,,,
791, 2025-09-04 13:07:14,420.003,0,124.9,5.6662,,0.157394444,249710874.5,,,
792, 2025-09-04 13:07:14,420.003,0,125,5.6662,,0.157394444,249710874.5,,,
793, 2025-09-04 13:07:14,419.373,0,125,5.6662,,0.157394444,249336310.9,,,
794, 2025-09-04 13:07:14,418.742,0,125.1,5.6662,,0.157394444,248961152.7,,,
795, 2025-09-04 13:07:14,417.451,0,125.4,5.6787,,0.157741667,248193594.5,,,
796, 2025-09-04 13:07:15,415.459,0,125.6,5.7363,,0.159341667,247009260,,,
797, 2025-09-04 13:07:15,414.789,0,125.7,5.7363,,0.159341667,246610914.5,,,
798, 2025-09-04 13:07:15,414.128,0,125.8,5.7363,,0.159341667,246217920,,,
799, 2025-09-04 13:07:15,413.448,0,125.9,5.7363,,0.159341667,245813629.1,,,
800, 2025-09-04 13:07:15,412.767,0,126,5.7457,,0.159602778,245408743.6,,,
801, 2025-09-04 13:07:15,412.067,0,126.1,5.7457,,0.159602778,244992561.8,,,
802, 2025-09-04 13:07:15,411.356,0,126.3,5.7457,,0.159602778,244569840,,,
803, 2025-09-04 13:07:16,409.224,0,126.5,5.7457,,0.159602778,243302269.1,,,
804, 2025-09-04 13:07:16,407.823,0,126.7,5.7457,,0.159602778,242469310.9,,,
805, 2025-09-04 13:07:16,406.382,0,126.9,5.7628,,0.160077778,241612570.9,,,
806, 2025-09-04 13:07:16,404.911,0,127.1,5.7628,,0.160077778,240737994.5,,,
807, 2025-09-04 13:07:16,403.44,0,127.3,5.7628,,0.160077778,239863418.2,,,
808, 2025-09-04 13:07:17,401.958,0,127.5,5.8096,,0.161377778,238982301.8,,,
809, 2025-09-04 13:07:17,400.447,0,127.8,5.8189,,0.161636111,238083943.6,,,
810, 2025-09-04 13:07:17,398.125,0,128,5.8189,,0.161636111,236703409.1,,,
811, 2025-09-04 13:07:17,396.564,0,128.2,5.8189,,0.161636111,235775323.6,,,
812, 2025-09-04 13:07:17,395.773,0,128.3,5.8189,,0.161636111,235305038.2,,,
813, 2025-09-04 13:07:17,395.773,0,128.4,5.8189,,0.161636111,235305038.2,,,
814, 2025-09-04 13:07:18,394.973,0,128.5,5.8189,,0.161636111,234829401.8,,,
815, 2025-09-04 13:07:18,393.351,0,128.6,5.8189,,0.161636111,233865049.1,,,
816, 2025-09-04 13:07:18,393.351,0,128.6,5.8345,,0.162069444,233865049.1,,,
817, 2025-09-04 13:07:18,392.541,0,128.7,5.8345,,0.162069444,233383467.3,,,
818, 2025-09-04 13:07:18,391.72,0,128.8,5.8345,,0.162069444,232895345.5,,,
819, 2025-09-04 13:07:18,390.049,0,129,5.8859,,0.163497222,231901860,,,
820, 2025-09-04 13:07:18,388.347,0,129.2,5.9,,0.163888889,230889943.6,,,
821, 2025-09-04 13:07:19,385.745,0,129.5,5.9,,0.163888889,229342936.4,,,
822, 2025-09-04 13:07:19,384.014,0,129.7,5.9,,0.163888889,228313778.2,,,
823, 2025-09-04 13:07:19,383.133,0,129.8,5.9,,0.163888889,227789983.6,,,
824, 2025-09-04 13:07:19,383.133,0,129.9,5.9,,0.163888889,227789983.6,,,
825, 2025-09-04 13:07:19,382.242,0,129.9,5.9,,0.163888889,227260243.6,,,
826, 2025-09-04 13:07:19,379.55,0,130.2,5.9187,,0.164408333,225659727.3,,,
827, 2025-09-04 13:07:19,378.639,0,130.3,5.9187,,0.164408333,225118096.4,,,
828, 2025-09-04 13:07:19,377.719,0,130.4,5.9187,,0.164408333,224571114.5,,,
829, 2025-09-04 13:07:20,376.798,0,130.5,5.9187,,0.164408333,224023538.2,,,
830, 2025-09-04 13:07:20,374.916,0,130.7,5.9748,,0.165966667,222904603.6,,,
831, 2025-09-04 13:07:20,373.005,0,130.9,5.9919,,0.166441667,221768427.3,,,
832, 2025-09-04 13:07:20,371.083,0,131.1,5.9919,,0.166441667,220625710.9,,,
833, 2025-09-04 13:07:20,369.132,0,131.3,5.9919,,0.166441667,219465752.7,,,
834, 2025-09-04 13:07:21,367.12,0,131.6,5.9919,,0.166441667,218269527.3,,,
835, 2025-09-04 13:07:21,365.078,0,131.8,6.0122,,0.167005556,217055465.5,,,
836, 2025-09-04 13:07:21,364.067,0,131.8,6.0122,,0.167005556,216454380,,,
837, 2025-09-04 13:07:21,363.057,0,131.9,6.0122,,0.167005556,215853889.1,,,
838, 2025-09-04 13:07:21,361.005,0,132.1,6.0714,,0.16865,214633881.8,,,
839, 2025-09-04 13:07:21,358.893,0,132.3,6.0807,,0.168908333,213378201.8,,,
840, 2025-09-04 13:07:22,356.751,0,132.5,6.0807,,0.168908333,212104685.5,,,
841, 2025-09-04 13:07:22,354.6,0,132.7,6.0807,,0.168908333,210825818.2,,,
842, 2025-09-04 13:07:22,352.418,0,133,6.0807,,0.168908333,209528520,,,
843, 2025-09-04 13:07:22,349.075,0,133.2,6.0807,,0.168908333,207540954.5,,,
844, 2025-09-04 13:07:22,347.944,0,133.3,6.0807,,0.168908333,206868523.6,,,
845, 2025-09-04 13:07:22,346.813,0,133.4,6.0963,,0.169341667,206196092.7,,,
846, 2025-09-04 13:07:23,345.672,0,133.5,6.0963,,0.169341667,205517716.4,,,
847, 2025-09-04 13:07:23,345.672,0,133.6,6.1508,,0.170855556,205517716.4,,,
848, 2025-09-04 13:07:23,344.501,0,133.7,6.1508,,0.170855556,204821503.6,,,
849, 2025-09-04 13:07:23,343.32,0,133.8,6.1508,,0.170855556,204119345.5,,,
850, 2025-09-04 13:07:23,342.14,0,133.8,6.1664,,0.171288889,203417781.8,,,
851, 2025-09-04 13:07:23,340.939,0,133.9,6.1664,,0.171288889,202703732.7,,,
852, 2025-09-04 13:07:23,339.748,0,134.1,6.1664,,0.171288889,201995629.1,,,
853, 2025-09-04 13:07:23,336.135,0,134.3,6.1664,,0.171288889,199847536.4,,,
854, 2025-09-04 13:07:23,334.894,0,134.4,6.1664,,0.171288889,199109705.5,,,
855, 2025-09-04 13:07:24,332.412,0,134.6,6.1664,,0.171288889,197634043.6,,,
856, 2025-09-04 13:07:24,329.92,0,134.8,6.1664,,0.171288889,196152436.4,,,
857, 2025-09-04 13:07:24,327.418,0,135,6.1664,,0.171288889,194664883.6,,,
858, 2025-09-04 13:07:24,326.156,0,135.3,6.1758,,0.17155,193914567.3,,,
859, 2025-09-04 13:07:25,322.263,0,135.4,6.2366,,0.173238889,191600001.8,,,
860, 2025-09-04 13:07:25,320.952,0,135.5,6.2366,,0.173238889,190820552.7,,,
861, 2025-09-04 13:07:25,319.621,0,135.6,6.2366,,0.173238889,190029212.7,,,
862, 2025-09-04 13:07:25,316.919,0,135.8,6.2553,,0.173758333,188422750.9,,,
863, 2025-09-04 13:07:25,312.776,0,136.1,6.2553,,0.173758333,185959549.1,,,
864, 2025-09-04 13:07:25,312.776,0,136.2,6.2553,,0.173758333,185959549.1,,,
865, 2025-09-04 13:07:25,311.384,0,136.2,6.2553,,0.173758333,185131941.8,,,
866, 2025-09-04 13:07:26,308.562,0,136.4,6.2553,,0.173758333,183454134.5,,,
867, 2025-09-04 13:07:26,305.69,0,136.7,6.2553,,0.173758333,181746600,,,
868, 2025-09-04 13:07:26,304.229,0,136.7,6.274,,0.174277778,180877969.1,,,
869, 2025-09-04 13:07:26,302.767,0,136.8,6.274,,0.174277778,180008743.6,,,
870, 2025-09-04 13:07:26,299.855,0,137,6.3425,,0.176180556,178277427.3,,,
871, 2025-09-04 13:07:26,295.451,0,137.3,6.3425,,0.176180556,175659049.1,,,
872, 2025-09-04 13:07:27,292.429,0,137.5,6.3612,,0.1767,173862332.7,,,
873, 2025-09-04 13:07:27,290.888,0,137.6,6.3612,,0.1767,172946138.2,,,
874, 2025-09-04 13:07:27,289.336,0,137.7,6.3612,,0.1767,172023403.6,,,
875, 2025-09-04 13:07:27,289.336,0,137.8,6.3612,,0.1767,172023403.6,,,
876, 2025-09-04 13:07:27,287.765,0,137.9,6.3612,,0.1767,171089372.7,,,
877, 2025-09-04 13:07:27,286.184,0,138,6.3612,,0.1767,170149396.4,,,
878, 2025-09-04 13:07:27,284.592,0,138.1,6.3612,,0.1767,169202880,,,
879, 2025-09-04 13:07:27,282.981,0,138.1,6.3815,,0.177263889,168245067.3,,,
880, 2025-09-04 13:07:27,279.699,0,138.4,6.3815,,0.177263889,166293769.1,,,
881, 2025-09-04 13:07:28,274.704,0,138.6,6.4329,,0.178691667,163324014.5,,,
882, 2025-09-04 13:07:28,273.023,0,138.7,6.4329,,0.178691667,162324583.6,,,
883, 2025-09-04 13:07:28,271.322,0,138.8,6.4329,,0.178691667,161313261.8,,,
884, 2025-09-04 13:07:28,271.322,0,138.8,6.4563,,0.179341667,161313261.8,,,
885, 2025-09-04 13:07:28,267.859,0,139,6.4563,,0.179341667,159254350.9,,,
886, 2025-09-04 13:07:28,264.316,0,139.2,6.4563,,0.179341667,157147876.4,,,
887, 2025-09-04 13:07:28,260.703,0,139.4,6.4563,,0.179341667,154999783.6,,,
888, 2025-09-04 13:07:29,257,0,139.6,6.4563,,0.179341667,152798181.8,,,
889, 2025-09-04 13:07:29,253.167,0,139.8,6.4781,,0.179947222,150519289.1,,,
890, 2025-09-04 13:07:29,249.224,0,140,6.4781,,0.179947222,148174996.4,,,
891, 2025-09-04 13:07:29,245.17,0,140.2,6.5358,,0.18155,145764709.1,,,
892, 2025-09-04 13:07:30,238.785,0,140.5,6.5545,,0.182069444,141968536.4,,,
893, 2025-09-04 13:07:30,236.533,0,140.7,6.5545,,0.182069444,140629620,,,
894, 2025-09-04 13:07:30,234.101,0,140.8,6.5545,,0.182069444,139183685.5,,,
895, 2025-09-04 13:07:30,231.139,0,140.9,6.5545,,0.182069444,137422641.8,,,
896, 2025-09-04 13:07:30,227.015,0,140.9,6.5545,,0.182069444,134970736.4,,,
897, 2025-09-04 13:07:30,220.59,0,141,6.5545,,0.182069444,131150781.8,,,
898, 2025-09-04 13:07:30,209.611,0,141.1,6.5545,,0.182069444,124623267.3,,,
899, 2025-09-04 13:07:30,192.918,0,141.2,6.5716,,0.182544444,114698520,,,
900, 2025-09-04 13:07:31,146.3,0,141.4,6.5716,,0.182544444,86982000,,,
901, 2025-09-04 13:07:31,87.542,0,141.7,6.6511,,0.184752778,52047698.18,,,
902, 2025-09-04 13:07:31,9.258,0,141.9,6.6511,,0.184752778,5504301.818,,,
