id,Time,LOAD,ELONGATION,TIME,EXTENSION,,,Strain,Stress(N/m2),,,
1, 2025-09-04 13:17:16,0,0,0.1,0,,,0,0,,Max Stress,108944137.5
2, 2025-09-04 13:17:16,0,0,0.2,0,,,0,0,,,
3, 2025-09-04 13:17:16,0.03,0,0.3,0,,,0,15328.125,,,
4, 2025-09-04 13:17:16,0.39,0,0.3,0,,,0,199265.625,,,
5, 2025-09-04 13:17:16,1.671,0,0.4,0,,,0,853776.5625,,,
6, 2025-09-04 13:17:16,4.364,0,0.5,0,,,0,2229731.25,,,
7, 2025-09-04 13:17:16,20.036,0,0.7,0,,,0,10237143.75,,,
8, 2025-09-04 13:17:17,30.065,0,1,0,,,0,15361335.94,,,
9, 2025-09-04 13:17:17,32.727,0,1.1,0,,,0,16721451.56,,,
10, 2025-09-04 13:17:17,33.918,0,1.2,0,,,0,17329978.13,,,
11, 2025-09-04 13:17:17,33.918,0,1.2,0,,,0,17329978.13,,,
12, 2025-09-04 13:17:17,32.857,0,1.5,0,,,0,16787873.43,,,
13, 2025-09-04 13:17:17,32.406,0,1.6,0,,,0,16557440.63,,,
14, 2025-09-04 13:17:17,32.156,0,1.8,0,,,0,16429706.25,,,
15, 2025-09-04 13:17:18,32.246,0,1.9,0,,,0,16475690.63,,,
16, 2025-09-04 13:17:19,39.322,0,3,0,,,0,20091084.37,,,
17, 2025-09-04 13:17:19,41.504,0,3.2,0,,,0,21205950,,,
18, 2025-09-04 13:17:19,46.958,0,3.4,0,,,0,23992603.13,,,
19, 2025-09-04 13:17:19,49.621,0,3.7,0,,,0,25353229.68,,,
20, 2025-09-04 13:17:19,52.603,0,3.7,0,,,0,26876845.31,,,
21, 2025-09-04 13:17:20,61.861,0,3.9,0,,,0,31607104.68,,,
22, 2025-09-04 13:17:20,64.813,0,4.2,0,,,0,33115392.18,,,
23, 2025-09-04 13:17:20,67.705,0,4.3,0,,,0,34593023.43,,,
24, 2025-09-04 13:17:20,70.518,0,4.3,0,,,0,36030290.63,,,
25, 2025-09-04 13:17:20,78.524,0,4.5,0,,,0,40120856.25,,,
26, 2025-09-04 13:17:20,83.568,0,4.8,0,,,0,42698025,,,
27, 2025-09-04 13:17:20,86.01,0,4.9,0,,,0,43945734.38,,,
28, 2025-09-04 13:17:21,86.01,0,4.9,0,,,0,43945734.38,,,
29, 2025-09-04 13:17:21,92.986,0,5.2,0,,,0,47510034.37,,,
30, 2025-09-04 13:17:21,95.118,0,5.3,0,,,0,48599353.13,,,
31, 2025-09-04 13:17:21,97.129,0,5.4,0,,,0,49626848.43,,,
32, 2025-09-04 13:17:21,97.129,0,5.5,0,,,0,49626848.43,,,
33, 2025-09-04 13:17:21,99.021,0,5.5,0,,,0,50593542.19,,,
34, 2025-09-04 13:17:21,102.454,0,5.6,0,,,0,52347590.62,,,
35, 2025-09-04 13:17:21,105.536,0,5.9,0,,,0,53922300,,,
36, 2025-09-04 13:17:22,108.329,0,6.1,0,,,0,55349348.44,,,
37, 2025-09-04 13:17:22,109.64,0,6.2,0,,,0,56019187.5,,,
38, 2025-09-04 13:17:22,110.891,0,6.3,0.0125,,,0.000347222,56658370.32,,,
39, 2025-09-04 13:17:22,112.102,0,6.4,0.0125,,,0.000347222,57277115.62,,,
40, 2025-09-04 13:17:22,113.263,0,6.5,0.0125,,,0.000347222,57870314.06,,,
41, 2025-09-04 13:17:22,113.263,0,6.6,0.0265,,,0.000736111,57870314.06,,,
42, 2025-09-04 13:17:22,114.403,0,6.7,0.0265,,,0.000736111,58452782.81,,,
43, 2025-09-04 13:17:22,116.605,0,6.7,0.0265,,,0.000736111,59577867.18,,,
44, 2025-09-04 13:17:22,117.676,0,6.9,0.0265,,,0.000736111,60125081.25,,,
45, 2025-09-04 13:17:23,119.748,0,7.1,0.0265,,,0.000736111,61183743.75,,,
46, 2025-09-04 13:17:23,121.739,0,7.3,0.0265,,,0.000736111,62201020.32,,,
47, 2025-09-04 13:17:23,123.651,0,7.5,0.0374,,,0.001038889,63177932.81,,,
48, 2025-09-04 13:17:23,126.423,0,7.7,0.0374,,,0.001038889,64594251.56,,,
49, 2025-09-04 13:17:23,127.314,0,8,0.0748,,,0.002077778,65049496.88,,,
50, 2025-09-04 13:17:24,129.035,0,8.1,0.0888,,,0.002466667,65928820.32,,,
51, 2025-09-04 13:17:24,129.876,0,8.2,0.0888,,,0.002466667,66358518.75,,,
52, 2025-09-04 13:17:24,130.717,0,8.3,0.0888,,,0.002466667,66788217.18,,,
53, 2025-09-04 13:17:24,132.358,0,8.5,0.0888,,,0.002466667,67626665.62,,,
54, 2025-09-04 13:17:24,134.73,0,8.8,0.0888,,,0.002466667,68838609.38,,,
55, 2025-09-04 13:17:25,135.491,0,8.9,0.1029,,,0.002858333,69227432.82,,,
56, 2025-09-04 13:17:25,136.241,0,9,0.1029,,,0.002858333,69610635.94,,,
57, 2025-09-04 13:17:25,137.713,0,9.2,0.1434,,,0.003983333,70362735.93,,,
58, 2025-09-04 13:17:25,139.154,0,9.4,0.1434,,,0.003983333,71098996.88,,,
59, 2025-09-04 13:17:25,141.235,0,9.6,0.1543,,,0.004286111,72162257.81,,,
60, 2025-09-04 13:17:25,142.587,0,9.9,0.1543,,,0.004286111,72853045.31,,,
61, 2025-09-04 13:17:26,142.587,0,10,0.1543,,,0.004286111,72853045.31,,,
62, 2025-09-04 13:17:26,143.247,0,10,0.1543,,,0.004286111,73190264.06,,,
63, 2025-09-04 13:17:26,143.908,0,10.1,0.1543,,,0.004286111,73527993.75,,,
64, 2025-09-04 13:17:26,145.209,0,10.3,0.1543,,,0.004286111,74192723.44,,,
65, 2025-09-04 13:17:26,147.13,0,10.6,0.1667,,,0.004630556,75174234.37,,,
66, 2025-09-04 13:17:26,147.13,0,10.7,0.1667,,,0.004630556,75174234.37,,,
67, 2025-09-04 13:17:26,147.751,0,10.7,0.2088,,,0.0058,75491526.56,,,
68, 2025-09-04 13:17:27,149.542,0,10.9,0.2088,,,0.0058,76406615.62,,,
69, 2025-09-04 13:17:27,150.703,0,11.2,0.2228,,,0.006188889,76999814.06,,,
70, 2025-09-04 13:17:27,151.854,0,11.4,0.2228,,,0.006188889,77587903.13,,,
71, 2025-09-04 13:17:27,152.415,0,11.5,0.2228,,,0.006188889,77874539.06,,,
72, 2025-09-04 13:17:27,152.975,0,11.6,0.2228,,,0.006188889,78160664.07,,,
73, 2025-09-04 13:17:27,153.515,0,11.7,0.2228,,,0.006188889,78436570.32,,,
74, 2025-09-04 13:17:27,154.046,0,11.8,0.2228,,,0.006188889,78707878.13,,,
75, 2025-09-04 13:17:27,154.586,0,11.9,0.2228,,,0.006188889,78983784.38,,,
76, 2025-09-04 13:17:28,155.117,0,12,0.2228,,,0.006188889,79255092.19,,,
77, 2025-09-04 13:17:28,155.117,0,12.1,0.2369,,,0.006580556,79255092.19,,,
78, 2025-09-04 13:17:28,156.168,0,12.2,0.2369,,,0.006580556,79792087.5,,,
79, 2025-09-04 13:17:28,157.198,0,12.5,0.2369,,,0.006580556,80318353.12,,,
80, 2025-09-04 13:17:28,158.189,0,12.6,0.2758,,,0.007661111,80824692.19,,,
81, 2025-09-04 13:17:28,158.68,0,12.7,0.2758,,,0.007661111,81075562.5,,,
82, 2025-09-04 13:17:28,159.65,0,12.9,0.2899,,,0.008052778,81571171.88,,,
83, 2025-09-04 13:17:29,160.631,0,13.1,0.2899,,,0.008052778,82072401.57,,,
84, 2025-09-04 13:17:29,161.592,0,13.3,0.2899,,,0.008052778,82563412.5,,,
85, 2025-09-04 13:17:29,162.062,0,13.6,0.2899,,,0.008052778,82803553.13,,,
86, 2025-09-04 13:17:29,163.414,0,13.8,0.2899,,,0.008052778,83494340.62,,,
87, 2025-09-04 13:17:29,163.854,0,13.8,0.3039,,,0.008441667,83719153.13,,,
88, 2025-09-04 13:17:30,164.715,0,14,0.3039,,,0.008441667,84159070.31,,,
89, 2025-09-04 13:17:30,165.565,0,14.2,0.3413,,,0.009480556,84593367.18,,,
90, 2025-09-04 13:17:30,166.816,0,14.4,0.3413,,,0.009480556,85232550,,,
91, 2025-09-04 13:17:30,167.627,0,14.7,0.3553,,,0.009869444,85646920.32,,,
92, 2025-09-04 13:17:30,168.418,0,14.9,0.3553,,,0.009869444,86051071.87,,,
93, 2025-09-04 13:17:31,169.208,0,15.1,0.3553,,,0.009869444,86454712.5,,,
94, 2025-09-04 13:17:31,169.599,0,15.2,0.3553,,,0.009869444,86654489.06,,,
95, 2025-09-04 13:17:31,169.599,0,15.3,0.3553,,,0.009869444,86654489.06,,,
96, 2025-09-04 13:17:31,169.979,0,15.3,0.3693,,,0.010258333,86848645.32,,,
97, 2025-09-04 13:17:31,170.359,0,15.4,0.3693,,,0.010258333,87042801.56,,,
98, 2025-09-04 13:17:31,170.729,0,15.5,0.3693,,,0.010258333,87231848.44,,,
99, 2025-09-04 13:17:31,171.85,0,15.7,0.4114,,,0.011427778,87804609.37,,,
100, 2025-09-04 13:17:32,172.571,0,16,0.4239,,,0.011775,88172995.32,,,
101, 2025-09-04 13:17:32,173.282,0,16.2,0.4239,,,0.011775,88536271.88,,,
102, 2025-09-04 13:17:32,173.632,0,16.3,0.4239,,,0.011775,88715100,,,
103, 2025-09-04 13:17:32,173.972,0,16.4,0.4239,,,0.011775,88888818.75,,,
104, 2025-09-04 13:17:32,174.322,0,16.5,0.4239,,,0.011775,89067646.87,,,
105, 2025-09-04 13:17:32,174.663,0,16.6,0.4239,,,0.011775,89241876.56,,,
106, 2025-09-04 13:17:32,174.993,0,16.7,0.4239,,,0.011775,89410485.94,,,
107, 2025-09-04 13:17:32,174.993,0,16.8,0.4239,,,0.011775,89410485.94,,,
108, 2025-09-04 13:17:32,175.323,0,16.9,0.4395,,,0.012208333,89579095.31,,,
109, 2025-09-04 13:17:33,175.974,0,16.9,0.4395,,,0.012208333,89911715.63,,,
110, 2025-09-04 13:17:33,176.304,0,17.2,0.4395,,,0.012208333,90080325,,,
111, 2025-09-04 13:17:33,176.945,0,17.3,0.48,,,0.013333333,90407835.94,,,
112, 2025-09-04 13:17:33,177.865,0,17.6,0.494,,,0.013722222,90877898.43,,,
113, 2025-09-04 13:17:33,178.466,0,17.8,0.494,,,0.013722222,91184971.88,,,
114, 2025-09-04 13:17:34,179.076,0,18,0.494,,,0.013722222,91496643.75,,,
115, 2025-09-04 13:17:34,179.667,0,18.3,0.494,,,0.013722222,91798607.81,,,
116, 2025-09-04 13:17:34,179.957,0,18.3,0.494,,,0.013722222,91946779.69,,,
117, 2025-09-04 13:17:34,180.247,0,18.4,0.5049,,,0.014025,92094951.56,,,
118, 2025-09-04 13:17:34,180.818,0,18.6,0.5049,,,0.014025,92386696.88,,,
119, 2025-09-04 13:17:34,181.378,0,18.8,0.5501,,,0.015280556,92672821.87,,,
120, 2025-09-04 13:17:35,182.189,0,19.1,0.5501,,,0.015280556,93087192.19,,,
121, 2025-09-04 13:17:35,182.449,0,19.2,0.5641,,,0.015669444,93220035.93,,,
122, 2025-09-04 13:17:35,182.449,0,19.3,0.5641,,,0.015669444,93220035.93,,,
123, 2025-09-04 13:17:35,182.709,0,19.4,0.5641,,,0.015669444,93352879.69,,,
124, 2025-09-04 13:17:35,182.979,0,19.5,0.5641,,,0.015669444,93490832.81,,,
125, 2025-09-04 13:17:35,183.24,0,19.5,0.5641,,,0.015669444,93624187.5,,,
126, 2025-09-04 13:17:35,183.5,0,19.6,0.5641,,,0.015669444,93757031.25,,,
127, 2025-09-04 13:17:35,183.75,0,19.7,0.5641,,,0.015669444,93884765.63,,,
128, 2025-09-04 13:17:35,184.01,0,19.8,0.5641,,,0.015669444,94017609.38,,,
129, 2025-09-04 13:17:36,184.261,0,19.9,0.5641,,,0.015669444,94145854.68,,,
130, 2025-09-04 13:17:36,185.011,0,20.1,0.5641,,,0.015669444,94529057.81,,,
131, 2025-09-04 13:17:36,185.251,0,20.3,0.5641,,,0.015669444,94651682.81,,,
132, 2025-09-04 13:17:36,185.492,0,20.4,0.5782,,,0.016061111,94774818.75,,,
133, 2025-09-04 13:17:36,185.722,0,20.5,0.5782,,,0.016061111,94892334.37,,,
134, 2025-09-04 13:17:36,185.722,0,20.6,0.6202,,,0.017227778,94892334.37,,,
135, 2025-09-04 13:17:36,185.952,0,20.6,0.6202,,,0.017227778,95009850,,,
136, 2025-09-04 13:17:36,186.182,0,20.7,0.6202,,,0.017227778,95127365.63,,,
137, 2025-09-04 13:17:36,186.643,0,20.8,0.6343,,,0.017619444,95362907.81,,,
138, 2025-09-04 13:17:37,187.103,0,21.1,0.6343,,,0.017619444,95597939.07,,,
139, 2025-09-04 13:17:37,187.533,0,21.3,0.6343,,,0.017619444,95817642.19,,,
140, 2025-09-04 13:17:37,187.984,0,21.5,0.6343,,,0.017619444,96048075,,,
141, 2025-09-04 13:17:37,188.424,0,21.7,0.6343,,,0.017619444,96272887.5,,,
142, 2025-09-04 13:17:37,188.634,0,21.8,0.6343,,,0.017619444,96380184.38,,,
143, 2025-09-04 13:17:38,189.064,0,22,0.6452,,,0.017922222,96599887.5,,,
144, 2025-09-04 13:17:38,189.485,0,22.2,0.6872,,,0.019088889,96814992.19,,,
145, 2025-09-04 13:17:38,189.895,0,22.4,0.7044,,,0.019566667,97024476.56,,,
146, 2025-09-04 13:17:38,190.285,0,22.6,0.7044,,,0.019566667,97223742.18,,,
147, 2025-09-04 13:17:38,190.676,0,22.8,0.7044,,,0.019566667,97423518.75,,,
148, 2025-09-04 13:17:39,191.076,0,23,0.7044,,,0.019566667,97627893.75,,,
149, 2025-09-04 13:17:39,191.647,0,23.2,0.7044,,,0.019566667,97919639.06,,,
150, 2025-09-04 13:17:39,191.827,0,23.4,0.7153,,,0.019869444,98011607.81,,,
151, 2025-09-04 13:17:39,192.197,0,23.6,0.762,,,0.021166667,98200654.72,,,
152, 2025-09-04 13:17:39,192.567,0,23.8,0.762,,,0.021166667,98389701.56,,,
153, 2025-09-04 13:17:40,193.088,0,24,0.7761,,,0.021558333,98655900.03,,,
154, 2025-09-04 13:17:40,193.438,0,24.2,0.7761,,,0.021558333,98834728.09,,,
155, 2025-09-04 13:17:40,193.788,0,24.5,0.7761,,,0.021558333,99013556.25,,,
156, 2025-09-04 13:17:40,194.119,0,24.7,0.7761,,,0.021558333,99182676.53,,,
157, 2025-09-04 13:17:40,194.119,0,24.8,0.7761,,,0.021558333,99182676.53,,,
158, 2025-09-04 13:17:40,194.279,0,24.8,0.7901,,,0.021947222,99264426.6,,,
159, 2025-09-04 13:17:41,194.439,0,24.9,0.7901,,,0.021947222,99346176.56,,,
160, 2025-09-04 13:17:41,194.769,0,25.1,0.8322,,,0.023116667,99514785.94,,,
161, 2025-09-04 13:17:41,195.23,0,25.3,0.8322,,,0.023116667,99750328.16,,,
162, 2025-09-04 13:17:41,195.38,0,25.6,0.8462,,,0.023505556,99826968.78,,,
163, 2025-09-04 13:17:41,195.53,0,25.6,0.8462,,,0.023505556,99903609.41,,,
164, 2025-09-04 13:17:41,195.98,0,25.8,0.8462,,,0.023505556,100133531.3,,,
165, 2025-09-04 13:17:42,196.29,0,26.1,0.8462,,,0.023505556,100291921.9,,,
166, 2025-09-04 13:17:42,196.29,0,26.2,0.8462,,,0.023505556,100291921.9,,,
167, 2025-09-04 13:17:42,196.44,0,26.2,0.8462,,,0.023505556,100368562.5,,,
168, 2025-09-04 13:17:42,196.881,0,26.5,0.8462,,,0.023505556,100593885.9,,,
169, 2025-09-04 13:17:42,197.021,0,26.6,0.8462,,,0.023505556,100665417.2,,,
170, 2025-09-04 13:17:42,197.021,0,26.6,0.8462,,,0.023505556,100665417.2,,,
171, 2025-09-04 13:17:42,197.301,0,26.7,0.8602,,,0.023894444,100808479.7,,,
172, 2025-09-04 13:17:43,197.581,0,27,0.8602,,,0.023894444,100951542.2,,,
173, 2025-09-04 13:17:43,197.722,0,27.1,0.9023,,,0.025063889,101023584.3,,,
174, 2025-09-04 13:17:43,197.722,0,27.2,0.9023,,,0.025063889,101023584.3,,,
175, 2025-09-04 13:17:43,198.112,0,27.4,0.9194,,,0.025538889,101222850,,,
176, 2025-09-04 13:17:43,198.512,0,27.6,0.9194,,,0.025538889,101427225,,,
177, 2025-09-04 13:17:43,198.652,0,27.8,0.9194,,,0.025538889,101498756.2,,,
178, 2025-09-04 13:17:44,198.913,0,28,0.9194,,,0.025538889,101632110.9,,,
179, 2025-09-04 13:17:44,199.163,0,28.2,0.9335,,,0.025930556,101759845.3,,,
180, 2025-09-04 13:17:44,199.413,0,28.4,0.9335,,,0.025930556,101887579.7,,,
181, 2025-09-04 13:17:44,199.783,0,28.7,0.9755,,,0.027097222,102076626.5,,,
182, 2025-09-04 13:17:44,199.783,0,28.7,0.9755,,,0.027097222,102076626.5,,,
183, 2025-09-04 13:17:45,200.003,0,28.9,0.9911,,,0.027530556,102189032.8,,,
184, 2025-09-04 13:17:45,200.364,0,29.2,0.9911,,,0.027530556,102373481.3,,,
185, 2025-09-04 13:17:45,200.364,0,29.3,0.9911,,,0.027530556,102373481.3,,,
186, 2025-09-04 13:17:45,200.484,0,29.3,0.9911,,,0.027530556,102434793.8,,,
187, 2025-09-04 13:17:45,200.814,0,29.5,0.9911,,,0.027530556,102603403.1,,,
188, 2025-09-04 13:17:45,201.034,0,29.8,0.9911,,,0.027530556,102715809.3,,,
189, 2025-09-04 13:17:45,201.154,0,29.9,1.0083,,,0.028008333,102777121.8,,,
190, 2025-09-04 13:17:46,201.154,0,30,1.0083,,,0.028008333,102777121.8,,,
191, 2025-09-04 13:17:46,201.475,0,30.1,1.055,,,0.029305556,102941132.8,,,
192, 2025-09-04 13:17:46,201.685,0,30.4,1.055,,,0.029305556,103048429.7,,,
193, 2025-09-04 13:17:46,201.685,0,30.5,1.069,,,0.029694444,103048429.7,,,
194, 2025-09-04 13:17:46,201.785,0,30.5,1.069,,,0.029694444,103099523.5,,,
195, 2025-09-04 13:17:46,202.095,0,30.8,1.069,,,0.029694444,103257914.1,,,
196, 2025-09-04 13:17:46,202.195,0,30.9,1.069,,,0.029694444,103309007.8,,,
197, 2025-09-04 13:17:47,202.195,0,31,1.069,,,0.029694444,103309007.8,,,
198, 2025-09-04 13:17:47,202.295,0,31,1.069,,,0.029694444,103360101.6,,,
199, 2025-09-04 13:17:47,202.495,0,31.1,1.069,,,0.029694444,103462289,,,
200, 2025-09-04 13:17:47,202.706,0,31.4,1.0799,,,0.029997222,103570096.9,,,
201, 2025-09-04 13:17:47,202.806,0,31.5,1.0799,,,0.029997222,103621190.6,,,
202, 2025-09-04 13:17:47,202.806,0,31.5,1.1267,,,0.031297222,103621190.6,,,
203, 2025-09-04 13:17:47,203.006,0,31.7,1.1267,,,0.031297222,103723378.2,,,
204, 2025-09-04 13:17:47,203.176,0,31.9,1.1407,,,0.031686111,103810237.5,,,
205, 2025-09-04 13:17:48,203.356,0,32.1,1.1407,,,0.031686111,103902206.2,,,
206, 2025-09-04 13:17:48,203.536,0,32.3,1.1407,,,0.031686111,103994175,,,
207, 2025-09-04 13:17:48,203.726,0,32.5,1.1407,,,0.031686111,104091253.2,,,
208, 2025-09-04 13:17:48,203.977,0,32.7,1.1407,,,0.031686111,104219498.4,,,
209, 2025-09-04 13:17:49,204.057,0,32.9,1.1579,,,0.032163889,104260373.4,,,
210, 2025-09-04 13:17:49,204.147,0,33,1.1579,,,0.032163889,104306357.8,,,
211, 2025-09-04 13:17:49,204.327,0,33.2,1.2015,,,0.033375,104398326.6,,,
212, 2025-09-04 13:17:49,204.587,0,33.5,1.2015,,,0.033375,104531170.3,,,
213, 2025-09-04 13:17:49,204.667,0,33.6,1.2015,,,0.033375,104572045.3,,,
214, 2025-09-04 13:17:49,204.827,0,33.8,1.2186,,,0.03385,104653795.3,,,
215, 2025-09-04 13:17:50,205.068,0,34.1,1.2186,,,0.03385,104776931.3,,,
216, 2025-09-04 13:17:50,205.238,0,34.3,1.2186,,,0.03385,104863790.7,,,
217, 2025-09-04 13:17:50,205.318,0,34.4,1.2186,,,0.03385,104904665.6,,,
218, 2025-09-04 13:17:50,205.398,0,34.5,1.2186,,,0.03385,104945540.6,,,
219, 2025-09-04 13:17:50,205.478,0,34.6,1.2186,,,0.03385,104986415.7,,,
220, 2025-09-04 13:17:50,205.478,0,34.7,1.2327,,,0.034241667,104986415.7,,,
221, 2025-09-04 13:17:50,205.548,0,34.8,1.2327,,,0.034241667,105022181.3,,,
222, 2025-09-04 13:17:50,205.618,0,34.8,1.2327,,,0.034241667,105057946.8,,,
223, 2025-09-04 13:17:51,205.828,0,35,1.2763,,,0.035452778,105165243.7,,,
224, 2025-09-04 13:17:51,205.978,0,35.2,1.2903,,,0.035841667,105241884.3,,,
225, 2025-09-04 13:17:51,206.128,0,35.5,1.2903,,,0.035841667,105318525,,,
226, 2025-09-04 13:17:51,206.279,0,35.7,1.2903,,,0.035841667,105395676.6,,,
227, 2025-09-04 13:17:51,206.349,0,35.8,1.2903,,,0.035841667,105431442.2,,,
228, 2025-09-04 13:17:51,206.419,0,35.9,1.2903,,,0.035841667,105467207.8,,,
229, 2025-09-04 13:17:52,206.489,0,36,1.2903,,,0.035841667,105502973.5,,,
230, 2025-09-04 13:17:52,206.559,0,36.1,1.2903,,,0.035841667,105538739.1,,,
231, 2025-09-04 13:17:52,206.559,0,36.2,1.309,,,0.036361111,105538739.1,,,
232, 2025-09-04 13:17:52,206.629,0,36.3,1.309,,,0.036361111,105574504.7,,,
233, 2025-09-04 13:17:52,206.699,0,36.3,1.309,,,0.036361111,105610270.3,,,
234, 2025-09-04 13:17:52,206.829,0,36.4,1.3542,,,0.037616667,105676692.2,,,
235, 2025-09-04 13:17:52,206.969,0,36.7,1.3542,,,0.037616667,105748223.5,,,
236, 2025-09-04 13:17:52,207.029,0,36.8,1.3542,,,0.037616667,105778879.7,,,
237, 2025-09-04 13:17:52,207.099,0,36.9,1.3698,,,0.03805,105814645.3,,,
238, 2025-09-04 13:17:53,207.099,0,36.9,1.3698,,,0.03805,105814645.3,,,
239, 2025-09-04 13:17:53,207.279,0,37.2,1.3698,,,0.03805,105906614.1,,,
240, 2025-09-04 13:17:53,207.389,0,37.4,1.3698,,,0.03805,105962817.2,,,
241, 2025-09-04 13:17:53,207.389,0,37.5,1.3698,,,0.03805,105962817.2,,,
242, 2025-09-04 13:17:53,207.65,0,37.8,1.3823,,,0.038397222,106096171.9,,,
243, 2025-09-04 13:17:54,207.77,0,38,1.4306,,,0.039738889,106157484.4,,,
244, 2025-09-04 13:17:54,207.89,0,38.2,1.4306,,,0.039738889,106218796.9,,,
245, 2025-09-04 13:17:54,208.02,0,38.5,1.4446,,,0.040127778,106285218.8,,,
246, 2025-09-04 13:17:54,208.18,0,38.7,1.4446,,,0.040127778,106366968.7,,,
247, 2025-09-04 13:17:54,208.27,0,38.9,1.4446,,,0.040127778,106412953.1,,,
248, 2025-09-04 13:17:55,208.38,0,39.1,1.4446,,,0.040127778,106469156.3,,,
249, 2025-09-04 13:17:55,208.54,0,39.4,1.4617,,,0.040602778,106550906.2,,,
250, 2025-09-04 13:17:55,208.54,0,39.4,1.4617,,,0.040602778,106550906.2,,,
251, 2025-09-04 13:17:55,208.701,0,39.6,1.5054,,,0.041816667,106633167.2,,,
252, 2025-09-04 13:17:55,208.811,0,39.9,1.5054,,,0.041816667,106689370.3,,,
253, 2025-09-04 13:17:56,208.921,0,40.1,1.5054,,,0.041816667,106745573.4,,,
254, 2025-09-04 13:17:56,208.921,0,40.2,1.5194,,,0.042205556,106745573.4,,,
255, 2025-09-04 13:17:56,208.971,0,40.2,1.5194,,,0.042205556,106771120.3,,,
256, 2025-09-04 13:17:56,209.021,0,40.3,1.5194,,,0.042205556,106796667.2,,,
257, 2025-09-04 13:17:56,209.071,0,40.4,1.5194,,,0.042205556,106822214,,,
258, 2025-09-04 13:17:56,209.171,0,40.5,1.5194,,,0.042205556,106873307.8,,,
259, 2025-09-04 13:17:56,209.221,0,40.6,1.5194,,,0.042205556,106898854.7,,,
260, 2025-09-04 13:17:56,209.271,0,40.7,1.5194,,,0.042205556,106924401.6,,,
261, 2025-09-04 13:17:56,209.311,0,40.8,1.5194,,,0.042205556,106944839,,,
262, 2025-09-04 13:17:57,209.401,0,41.1,1.5381,,,0.042725,106990823.4,,,
263, 2025-09-04 13:17:57,209.481,0,41.3,1.5381,,,0.042725,107031698.4,,,
264, 2025-09-04 13:17:57,209.531,0,41.4,1.5381,,,0.042725,107057245.3,,,
265, 2025-09-04 13:17:57,209.571,0,41.5,1.5802,,,0.043894444,107077682.8,,,
266, 2025-09-04 13:17:57,209.621,0,41.6,1.5802,,,0.043894444,107103229.7,,,
267, 2025-09-04 13:17:57,209.721,0,41.7,1.5973,,,0.044369444,107154323.4,,,
268, 2025-09-04 13:17:57,209.801,0,41.9,1.5973,,,0.044369444,107195198.5,,,
269, 2025-09-04 13:17:58,209.851,0,42.2,1.5973,,,0.044369444,107220745.3,,,
270, 2025-09-04 13:17:58,209.932,0,42.3,1.5973,,,0.044369444,107262131.2,,,
271, 2025-09-04 13:17:58,209.982,0,42.4,1.5973,,,0.044369444,107287678.1,,,
272, 2025-09-04 13:17:58,210.022,0,42.5,1.5973,,,0.044369444,107308115.6,,,
273, 2025-09-04 13:17:58,210.112,0,42.7,1.616,,,0.044888889,107354100,,,
274, 2025-09-04 13:17:59,210.192,0,42.9,1.6581,,,0.046058333,107394975,,,
275, 2025-09-04 13:17:59,210.232,0,43,1.6581,,,0.046058333,107415412.5,,,
276, 2025-09-04 13:17:59,210.272,0,43.1,1.6581,,,0.046058333,107435850,,,
277, 2025-09-04 13:17:59,210.342,0,43.3,1.6721,,,0.046447222,107471615.6,,,
278, 2025-09-04 13:17:59,210.472,0,43.6,1.6721,,,0.046447222,107538037.5,,,
279, 2025-09-04 13:17:59,210.552,0,43.8,1.6721,,,0.046447222,107578912.5,,,
280, 2025-09-04 13:17:59,210.552,0,43.9,1.6721,,,0.046447222,107578912.5,,,
281, 2025-09-04 13:18:00,210.582,0,44,1.6721,,,0.046447222,107594240.6,,,
282, 2025-09-04 13:18:00,210.622,0,44.1,1.6721,,,0.046447222,107614678.1,,,
283, 2025-09-04 13:18:00,210.652,0,44.1,1.6861,,,0.046836111,107630006.2,,,
284, 2025-09-04 13:18:00,210.682,0,44.2,1.6861,,,0.046836111,107645334.3,,,
285, 2025-09-04 13:18:00,210.722,0,44.3,1.6861,,,0.046836111,107665771.9,,,
286, 2025-09-04 13:18:00,210.832,0,44.5,1.7345,,,0.048180556,107721975,,,
287, 2025-09-04 13:18:00,210.892,0,44.8,1.7345,,,0.048180556,107752631.2,,,
288, 2025-09-04 13:18:00,210.932,0,44.9,1.7563,,,0.048786111,107773068.8,,,
289, 2025-09-04 13:18:01,210.932,0,45,1.7563,,,0.048786111,107773068.8,,,
290, 2025-09-04 13:18:01,210.972,0,45,1.7563,,,0.048786111,107793506.3,,,
291, 2025-09-04 13:18:01,211.012,0,45.1,1.7563,,,0.048786111,107813943.7,,,
292, 2025-09-04 13:18:01,211.082,0,45.2,1.7563,,,0.048786111,107849709.4,,,
293, 2025-09-04 13:18:01,211.143,0,45.5,1.7563,,,0.048786111,107880876.6,,,
294, 2025-09-04 13:18:01,211.193,0,45.7,1.7563,,,0.048786111,107906423.5,,,
295, 2025-09-04 13:18:01,211.193,0,45.8,1.7672,,,0.049088889,107906423.5,,,
296, 2025-09-04 13:18:01,211.263,0,45.8,1.7672,,,0.049088889,107942189.1,,,
297, 2025-09-04 13:18:02,211.323,0,46.1,1.8124,,,0.050344444,107972845.3,,,
298, 2025-09-04 13:18:02,211.363,0,46.2,1.8124,,,0.050344444,107993282.8,,,
299, 2025-09-04 13:18:02,211.363,0,46.3,1.8264,,,0.050733333,107993282.8,,,
300, 2025-09-04 13:18:02,211.503,0,46.6,1.8264,,,0.050733333,108064814.1,,,
301, 2025-09-04 13:18:02,211.543,0,46.9,1.8264,,,0.050733333,108085251.5,,,
302, 2025-09-04 13:18:02,211.593,0,46.9,1.8264,,,0.050733333,108110798.4,,,
303, 2025-09-04 13:18:03,211.633,0,47.1,1.8264,,,0.050733333,108131235.9,,,
304, 2025-09-04 13:18:03,211.683,0,47.3,1.8467,,,0.051297222,108156782.8,,,
305, 2025-09-04 13:18:03,211.773,0,47.6,1.8467,,,0.051297222,108202767.2,,,
306, 2025-09-04 13:18:03,211.803,0,47.7,1.8887,,,0.052463889,108218095.3,,,
307, 2025-09-04 13:18:04,211.853,0,47.9,1.9074,,,0.052983333,108243642.2,,,
308, 2025-09-04 13:18:04,211.943,0,48.1,1.9074,,,0.052983333,108289626.6,,,
309, 2025-09-04 13:18:04,211.993,0,48.4,1.9074,,,0.052983333,108315173.4,,,
310, 2025-09-04 13:18:04,212.033,0,48.6,1.9074,,,0.052983333,108335611,,,
311, 2025-09-04 13:18:04,212.043,0,48.7,1.9074,,,0.052983333,108340720.3,,,
312, 2025-09-04 13:18:04,212.063,0,48.8,1.9074,,,0.052983333,108350939.1,,,
313, 2025-09-04 13:18:04,212.063,0,48.9,1.9074,,,0.052983333,108350939.1,,,
314, 2025-09-04 13:18:05,212.083,0,48.9,1.9074,,,0.052983333,108361157.8,,,
315, 2025-09-04 13:18:05,212.153,0,49.2,1.9215,,,0.053375,108396923.5,,,
316, 2025-09-04 13:18:05,212.183,0,49.3,1.9215,,,0.053375,108412251.6,,,
317, 2025-09-04 13:18:05,212.183,0,49.3,1.9682,,,0.054672222,108412251.6,,,
318, 2025-09-04 13:18:05,212.203,0,49.4,1.9682,,,0.054672222,108422470.3,,,
319, 2025-09-04 13:18:05,212.253,0,49.5,1.9682,,,0.054672222,108448017.2,,,
320, 2025-09-04 13:18:05,212.293,0,49.7,1.9807,,,0.055019444,108468454.7,,,
321, 2025-09-04 13:18:06,212.333,0,50,1.9807,,,0.055019444,108488892.2,,,
322, 2025-09-04 13:18:06,212.353,0,50.1,1.9807,,,0.055019444,108499110.9,,,
323, 2025-09-04 13:18:06,212.404,0,50.2,1.9807,,,0.055019444,108525168.7,,,
324, 2025-09-04 13:18:06,212.404,0,50.2,1.9807,,,0.055019444,108525168.7,,,
325, 2025-09-04 13:18:06,212.454,0,50.5,1.9807,,,0.055019444,108550715.6,,,
326, 2025-09-04 13:18:06,212.504,0,50.7,1.9994,,,0.055538889,108576262.5,,,
327, 2025-09-04 13:18:06,212.534,0,50.9,2.0477,,,0.056880556,108591590.7,,,
328, 2025-09-04 13:18:07,212.564,0,51.1,2.0477,,,0.056880556,108606918.8,,,
329, 2025-09-04 13:18:07,212.614,0,51.3,2.0617,,,0.057269444,108632465.6,,,
330, 2025-09-04 13:18:07,212.654,0,51.6,2.0617,,,0.057269444,108652903.2,,,
331, 2025-09-04 13:18:07,212.694,0,51.8,2.0617,,,0.057269444,108673340.6,,,
332, 2025-09-04 13:18:08,212.754,0,52,2.0617,,,0.057269444,108703996.9,,,
333, 2025-09-04 13:18:08,212.784,0,52.3,2.0835,,,0.057875,108719325,,,
334, 2025-09-04 13:18:08,212.804,0,52.5,2.1303,,,0.059175,108729543.8,,,
335, 2025-09-04 13:18:08,212.804,0,52.6,2.1303,,,0.059175,108729543.8,,,
336, 2025-09-04 13:18:08,212.814,0,52.7,2.1303,,,0.059175,108734653.1,,,
337, 2025-09-04 13:18:08,212.834,0,52.8,2.1412,,,0.059477778,108744871.9,,,
338, 2025-09-04 13:18:08,212.844,0,52.9,2.1412,,,0.059477778,108749981.3,,,
339, 2025-09-04 13:18:09,212.854,0,52.9,2.1412,,,0.059477778,108755090.6,,,
340, 2025-09-04 13:18:09,212.874,0,53,2.1412,,,0.059477778,108765309.4,,,
341, 2025-09-04 13:18:09,212.884,0,53.1,2.1412,,,0.059477778,108770418.7,,,
342, 2025-09-04 13:18:09,212.894,0,53.2,2.1412,,,0.059477778,108775528.2,,,
343, 2025-09-04 13:18:09,212.914,0,53.3,2.1412,,,0.059477778,108785746.8,,,
344, 2025-09-04 13:18:09,212.934,0,53.5,2.1412,,,0.059477778,108795965.6,,,
345, 2025-09-04 13:18:09,212.954,0,53.7,2.1599,,,0.059997222,108806184.4,,,
346, 2025-09-04 13:18:10,212.974,0,54,2.2066,,,0.061294444,108816403.1,,,
347, 2025-09-04 13:18:10,213.004,0,54.2,2.2066,,,0.061294444,108831731.2,,,
348, 2025-09-04 13:18:10,213.014,0,54.3,2.2066,,,0.061294444,108836840.7,,,
349, 2025-09-04 13:18:10,213.024,0,54.4,2.2238,,,0.061772222,108841950,,,
350, 2025-09-04 13:18:10,213.034,0,54.5,2.2238,,,0.061772222,108847059.3,,,
351, 2025-09-04 13:18:10,213.054,0,54.6,2.2238,,,0.061772222,108857278.1,,,
352, 2025-09-04 13:18:10,213.074,0,54.7,2.2238,,,0.061772222,108867496.9,,,
353, 2025-09-04 13:18:10,213.074,0,54.7,2.2238,,,0.061772222,108867496.9,,,
354, 2025-09-04 13:18:10,213.084,0,54.9,2.2238,,,0.061772222,108872606.3,,,
355, 2025-09-04 13:18:11,213.104,0,55.1,2.2238,,,0.061772222,108882825,,,
356, 2025-09-04 13:18:11,213.114,0,55.3,2.2378,,,0.062161111,108887934.4,,,
357, 2025-09-04 13:18:11,213.124,0,55.6,2.2378,,,0.062161111,108893043.7,,,
358, 2025-09-04 13:18:11,213.154,0,55.8,2.2814,,,0.063372222,108908371.8,,,
359, 2025-09-04 13:18:12,213.174,0,56,2.2814,,,0.063372222,108918590.6,,,
360, 2025-09-04 13:18:12,213.174,0,56.2,2.3001,,,0.063891667,108918590.6,,,
361, 2025-09-04 13:18:12,213.184,0,56.4,2.3001,,,0.063891667,108923700,,,
362, 2025-09-04 13:18:12,213.204,0,56.6,2.3001,,,0.063891667,108933918.8,,,
363, 2025-09-04 13:18:12,213.214,0,56.9,2.3001,,,0.063891667,108939028.1,,,
364, 2025-09-04 13:18:13,213.214,0,56.9,2.3001,,,0.063891667,108939028.1,,,
365, 2025-09-04 13:18:13,213.224,0,57.1,2.3173,,,0.064369444,108944137.5,,,
366, 2025-09-04 13:18:13,213.214,0,57.4,2.3173,,,0.064369444,108939028.1,,,
367, 2025-09-04 13:18:13,213.214,0,57.5,2.3656,,,0.065711111,108939028.1,,,
368, 2025-09-04 13:18:13,213.214,0,57.5,2.3656,,,0.065711111,108939028.1,,,
369, 2025-09-04 13:18:13,213.224,0,57.7,2.3796,,,0.0661,108944137.5,,,
370, 2025-09-04 13:18:14,213.224,0,58,2.3796,,,0.0661,108944137.5,,,
371, 2025-09-04 13:18:14,213.224,0,58.2,2.3796,,,0.0661,108944137.5,,,
372, 2025-09-04 13:18:14,213.214,0,58.4,2.3796,,,0.0661,108939028.1,,,
373, 2025-09-04 13:18:14,213.214,0,58.5,2.3796,,,0.0661,108939028.1,,,
374, 2025-09-04 13:18:14,213.214,0,58.5,2.3983,,,0.066619444,108939028.1,,,
375, 2025-09-04 13:18:14,213.214,0,58.6,2.3983,,,0.066619444,108939028.1,,,
376, 2025-09-04 13:18:14,213.214,0,58.9,2.4482,,,0.068005556,108939028.1,,,
377, 2025-09-04 13:18:15,213.194,0,59.1,2.4482,,,0.068005556,108928809.4,,,
378, 2025-09-04 13:18:15,213.184,0,59.2,2.4482,,,0.068005556,108923700,,,
379, 2025-09-04 13:18:15,213.174,0,59.3,2.4622,,,0.068394444,108918590.6,,,
380, 2025-09-04 13:18:15,213.174,0,59.4,2.4622,,,0.068394444,108918590.6,,,
381, 2025-09-04 13:18:15,213.174,0,59.5,2.4622,,,0.068394444,108918590.6,,,
382, 2025-09-04 13:18:15,213.174,0,59.6,2.4622,,,0.068394444,108918590.6,,,
383, 2025-09-04 13:18:15,213.174,0,59.7,2.4622,,,0.068394444,108918590.6,,,
384, 2025-09-04 13:18:15,213.164,0,59.9,2.4622,,,0.068394444,108913481.3,,,
385, 2025-09-04 13:18:16,213.154,0,60,2.4622,,,0.068394444,108908371.8,,,
386, 2025-09-04 13:18:16,213.124,0,60.2,2.4762,,,0.068783333,108893043.7,,,
387, 2025-09-04 13:18:16,213.094,0,60.5,2.5245,,,0.070125,108877715.6,,,
388, 2025-09-04 13:18:16,213.044,0,60.7,2.5245,,,0.070125,108852168.8,,,
389, 2025-09-04 13:18:16,213.014,0,60.9,2.5386,,,0.070516667,108836840.7,,,
390, 2025-09-04 13:18:17,212.994,0,61.2,2.5386,,,0.070516667,108826621.9,,,
391, 2025-09-04 13:18:17,212.984,0,61.4,2.5386,,,0.070516667,108821512.5,,,
392, 2025-09-04 13:18:17,212.974,0,61.5,2.5386,,,0.070516667,108816403.1,,,
393, 2025-09-04 13:18:17,212.954,0,61.5,2.5386,,,0.070516667,108806184.4,,,
394, 2025-09-04 13:18:17,212.924,0,61.7,2.5573,,,0.071036111,108790856.3,,,
395, 2025-09-04 13:18:18,212.874,0,61.9,2.604,,,0.072333333,108765309.4,,,
396, 2025-09-04 13:18:18,212.824,0,62.2,2.604,,,0.072333333,108739762.5,,,
397, 2025-09-04 13:18:18,212.804,0,62.3,2.604,,,0.072333333,108729543.8,,,
398, 2025-09-04 13:18:18,212.804,0,62.4,2.6212,,,0.072811111,108729543.8,,,
399, 2025-09-04 13:18:18,212.784,0,62.5,2.6212,,,0.072811111,108719325,,,
400, 2025-09-04 13:18:18,212.764,0,62.5,2.6212,,,0.072811111,108709106.2,,,
401, 2025-09-04 13:18:18,212.674,0,62.7,2.6212,,,0.072811111,108663121.8,,,
402, 2025-09-04 13:18:19,212.614,0,63,2.6212,,,0.072811111,108632465.6,,,
403, 2025-09-04 13:18:19,212.584,0,63.1,2.6212,,,0.072811111,108617137.5,,,
404, 2025-09-04 13:18:19,212.554,0,63.2,2.6212,,,0.072811111,108601809.3,,,
405, 2025-09-04 13:18:19,212.554,0,63.3,2.6212,,,0.072811111,108601809.3,,,
406, 2025-09-04 13:18:19,212.534,0,63.4,2.6212,,,0.072811111,108591590.7,,,
407, 2025-09-04 13:18:19,212.504,0,63.4,2.6367,,,0.073241667,108576262.5,,,
408, 2025-09-04 13:18:19,212.444,0,63.5,2.6367,,,0.073241667,108545606.3,,,
409, 2025-09-04 13:18:19,212.364,0,63.8,2.6367,,,0.073241667,108504731.3,,,
410, 2025-09-04 13:18:19,212.333,0,63.9,2.6835,,,0.074541667,108488892.2,,,
411, 2025-09-04 13:18:20,212.333,0,64,2.6835,,,0.074541667,108488892.2,,,
412, 2025-09-04 13:18:20,212.293,0,64,2.7006,,,0.075016667,108468454.7,,,
413, 2025-09-04 13:18:20,212.173,0,64.3,2.7006,,,0.075016667,108407142.2,,,
414, 2025-09-04 13:18:20,212.083,0,64.5,2.7006,,,0.075016667,108361157.8,,,
415, 2025-09-04 13:18:20,212.033,0,64.6,2.7006,,,0.075016667,108335611,,,
416, 2025-09-04 13:18:20,212.033,0,64.7,2.7006,,,0.075016667,108335611,,,
417, 2025-09-04 13:18:20,211.953,0,64.7,2.7006,,,0.075016667,108294735.9,,,
418, 2025-09-04 13:18:21,211.863,0,65,2.7006,,,0.075016667,108248751.6,,,
419, 2025-09-04 13:18:21,211.753,0,65.3,2.7162,,,0.07545,108192548.4,,,
420, 2025-09-04 13:18:21,211.633,0,65.4,2.763,,,0.07675,108131235.9,,,
421, 2025-09-04 13:18:21,211.463,0,65.6,2.763,,,0.07675,108044376.6,,,
422, 2025-09-04 13:18:21,211.343,0,65.8,2.7817,,,0.077269444,107983064.1,,,
423, 2025-09-04 13:18:22,211.293,0,66.1,2.7817,,,0.077269444,107957517.2,,,
424, 2025-09-04 13:18:22,211.173,0,66.2,2.7817,,,0.077269444,107896204.7,,,
425, 2025-09-04 13:18:22,211.122,0,66.3,2.7817,,,0.077269444,107870146.9,,,
426, 2025-09-04 13:18:22,211.062,0,66.4,2.7817,,,0.077269444,107839490.6,,,
427, 2025-09-04 13:18:22,210.932,0,66.6,2.7957,,,0.077658333,107773068.8,,,
428, 2025-09-04 13:18:22,210.702,0,66.8,2.7957,,,0.077658333,107655553.1,,,
429, 2025-09-04 13:18:23,210.542,0,67.1,2.8471,,,0.079086111,107573803.2,,,
430, 2025-09-04 13:18:23,210.462,0,67.2,2.8471,,,0.079086111,107532928.1,,,
431, 2025-09-04 13:18:23,210.462,0,67.3,2.8658,,,0.079605556,107532928.1,,,
432, 2025-09-04 13:18:23,210.382,0,67.4,2.8658,,,0.079605556,107492053.1,,,
433, 2025-09-04 13:18:23,210.302,0,67.4,2.8658,,,0.079605556,107451178.2,,,
434, 2025-09-04 13:18:23,210.212,0,67.5,2.8658,,,0.079605556,107405193.8,,,
435, 2025-09-04 13:18:23,210.132,0,67.6,2.8658,,,0.079605556,107364318.8,,,
436, 2025-09-04 13:18:23,209.881,0,67.8,2.8658,,,0.079605556,107236073.4,,,
437, 2025-09-04 13:18:24,209.691,0,68.1,2.8799,,,0.079997222,107138995.3,,,
438, 2025-09-04 13:18:24,209.491,0,68.3,2.8799,,,0.079997222,107036807.8,,,
439, 2025-09-04 13:18:24,209.401,0,68.4,2.8799,,,0.079997222,106990823.4,,,
440, 2025-09-04 13:18:24,209.301,0,68.5,2.9266,,,0.081294444,106939729.7,,,
441, 2025-09-04 13:18:24,209.211,0,68.6,2.9266,,,0.081294444,106893745.3,,,
442, 2025-09-04 13:18:24,209.211,0,68.7,2.9406,,,0.081683333,106893745.3,,,
443, 2025-09-04 13:18:24,209.111,0,68.8,2.9406,,,0.081683333,106842651.6,,,
444, 2025-09-04 13:18:24,208.911,0,68.8,2.9406,,,0.081683333,106740464.1,,,
445, 2025-09-04 13:18:25,208.691,0,69.1,2.9406,,,0.081683333,106628057.8,,,
446, 2025-09-04 13:18:25,208.58,0,69.2,2.9406,,,0.081683333,106571343.8,,,
447, 2025-09-04 13:18:25,208.58,0,69.2,2.9406,,,0.081683333,106571343.8,,,
448, 2025-09-04 13:18:25,208.24,0,69.5,2.9406,,,0.081683333,106397625,,,
449, 2025-09-04 13:18:25,208.13,0,69.7,2.9406,,,0.081683333,106341421.9,,,
450, 2025-09-04 13:18:25,207.89,0,69.7,2.9406,,,0.081683333,106218796.9,,,
451, 2025-09-04 13:18:26,207.65,0,70,2.9547,,,0.082075,106096171.9,,,
452, 2025-09-04 13:18:26,207.53,0,70.2,2.9547,,,0.082075,106034859.4,,,
453, 2025-09-04 13:18:26,207.139,0,70.4,3.0061,,,0.083502778,105835082.8,,,
454, 2025-09-04 13:18:26,206.859,0,70.6,3.0248,,,0.084022222,105692020.3,,,
455, 2025-09-04 13:18:26,206.589,0,70.7,3.0248,,,0.084022222,105554067.2,,,
456, 2025-09-04 13:18:26,206.449,0,70.9,3.0248,,,0.084022222,105482535.9,,,
457, 2025-09-04 13:18:27,206.168,0,71.1,3.0248,,,0.084022222,105338962.5,,,
458, 2025-09-04 13:18:27,205.868,0,71.4,3.0248,,,0.084022222,105185681.3,,,
459, 2025-09-04 13:18:27,205.718,0,71.4,3.0419,,,0.084497222,105109040.7,,,
460, 2025-09-04 13:18:27,205.558,0,71.5,3.0419,,,0.084497222,105027290.6,,,
461, 2025-09-04 13:18:27,205.398,0,71.6,3.0419,,,0.084497222,104945540.6,,,
462, 2025-09-04 13:18:27,205.248,0,71.6,3.0902,,,0.085838889,104868900,,,
463, 2025-09-04 13:18:28,204.927,0,71.9,3.0902,,,0.085838889,104704889.1,,,
464, 2025-09-04 13:18:28,204.457,0,72.1,3.1043,,,0.086230556,104464748.4,,,
465, 2025-09-04 13:18:28,204.137,0,72.4,3.1043,,,0.086230556,104301248.5,,,
466, 2025-09-04 13:18:28,203.786,0,72.6,3.1043,,,0.086230556,104121909.4,,,
467, 2025-09-04 13:18:28,203.446,0,72.8,3.1043,,,0.086230556,103948190.6,,,
468, 2025-09-04 13:18:28,203.266,0,72.9,3.1043,,,0.086230556,103856221.8,,,
469, 2025-09-04 13:18:29,203.086,0,73,3.1167,,,0.086575,103764253.1,,,
470, 2025-09-04 13:18:29,203.086,0,73.1,3.1167,,,0.086575,103764253.1,,,
471, 2025-09-04 13:18:29,202.896,0,73.2,3.1167,,,0.086575,103667175,,,
472, 2025-09-04 13:18:29,202.515,0,73.2,3.1635,,,0.087875,103472507.8,,,
473, 2025-09-04 13:18:29,202.315,0,73.3,3.1635,,,0.087875,103370320.3,,,
474, 2025-09-04 13:18:29,202.115,0,73.4,3.1635,,,0.087875,103268132.8,,,
475, 2025-09-04 13:18:29,201.725,0,73.6,3.1822,,,0.088394444,103068867.2,,,
476, 2025-09-04 13:18:29,201.324,0,73.9,3.1822,,,0.088394444,102863981.3,,,
477, 2025-09-04 13:18:30,201.124,0,74,3.1822,,,0.088394444,102761793.7,,,
478, 2025-09-04 13:18:30,200.924,0,74.1,3.1822,,,0.088394444,102659606.3,,,
479, 2025-09-04 13:18:30,200.724,0,74.2,3.1822,,,0.088394444,102557418.8,,,
480, 2025-09-04 13:18:30,200.514,0,74.3,3.1822,,,0.088394444,102450121.9,,,
481, 2025-09-04 13:18:30,200.314,0,74.4,3.1822,,,0.088394444,102347934.3,,,
482, 2025-09-04 13:18:30,200.104,0,74.5,3.1978,,,0.088827778,102240637.5,,,
483, 2025-09-04 13:18:30,200.104,0,74.6,3.1978,,,0.088827778,102240637.5,,,
484, 2025-09-04 13:18:30,199.673,0,74.7,3.1978,,,0.088827778,102020423.5,,,
485, 2025-09-04 13:18:30,199.453,0,74.7,3.2492,,,0.090255556,101908017.2,,,
486, 2025-09-04 13:18:30,199.213,0,74.9,3.2492,,,0.090255556,101785392.2,,,
487, 2025-09-04 13:18:31,198.983,0,75,3.2492,,,0.090255556,101667876.6,,,
488, 2025-09-04 13:18:31,198.492,0,75.2,3.2663,,,0.090730556,101417006.3,,,
489, 2025-09-04 13:18:31,198.022,0,75.4,3.2663,,,0.090730556,101176865.6,,,
490, 2025-09-04 13:18:31,197.541,0,75.6,3.2663,,,0.090730556,100931104.7,,,
491, 2025-09-04 13:18:31,197.041,0,75.8,3.2663,,,0.090730556,100675635.9,,,
492, 2025-09-04 13:18:32,196.28,0,76,3.2663,,,0.090730556,100286812.5,,,
493, 2025-09-04 13:18:32,195.76,0,76.2,3.2803,,,0.091119444,100021125,,,
494, 2025-09-04 13:18:32,195.49,0,76.5,3.2803,,,0.091119444,99883171.84,,,
495, 2025-09-04 13:18:32,194.939,0,76.6,3.324,,,0.092333333,99601645.35,,,
496, 2025-09-04 13:18:32,194.389,0,76.8,3.324,,,0.092333333,99320629.65,,,
497, 2025-09-04 13:18:33,193.548,0,77.1,3.3458,,,0.092938889,98890931.25,,,
498, 2025-09-04 13:18:33,193.268,0,77.2,3.3458,,,0.092938889,98747868.78,,,
499, 2025-09-04 13:18:33,192.978,0,77.3,3.3458,,,0.092938889,98599696.88,,,
500, 2025-09-04 13:18:33,192.677,0,77.4,3.3458,,,0.092938889,98445904.72,,,
501, 2025-09-04 13:18:33,192.077,0,77.6,3.3458,,,0.092938889,98139342.22,,,
502, 2025-09-04 13:18:33,191.126,0,77.8,3.3614,,,0.093372222,97653440.63,,,
503, 2025-09-04 13:18:34,190.486,0,78,3.3614,,,0.093372222,97326440.62,,,
504, 2025-09-04 13:18:34,189.845,0,78.3,3.4113,,,0.094758333,96998929.69,,,
505, 2025-09-04 13:18:34,189.515,0,78.4,3.4113,,,0.094758333,96830320.32,,,
506, 2025-09-04 13:18:34,189.515,0,78.5,3.43,,,0.095277778,96830320.32,,,
507, 2025-09-04 13:18:34,189.195,0,78.5,3.43,,,0.095277778,96666820.31,,,
508, 2025-09-04 13:18:34,188.854,0,78.6,3.43,,,0.095277778,96492590.62,,,
509, 2025-09-04 13:18:34,188.524,0,78.7,3.43,,,0.095277778,96323981.25,,,
510, 2025-09-04 13:18:34,188.184,0,78.8,3.43,,,0.095277778,96150262.5,,,
511, 2025-09-04 13:18:35,187.503,0,78.9,3.43,,,0.095277778,95802314.06,,,
512, 2025-09-04 13:18:35,186.793,0,79.1,3.43,,,0.095277778,95439548.43,,,
513, 2025-09-04 13:18:35,186.072,0,79.4,3.43,,,0.095277778,95071162.5,,,
514, 2025-09-04 13:18:35,186.072,0,79.5,3.4455,,,0.095708333,95071162.5,,,
515, 2025-09-04 13:18:35,185.712,0,79.6,3.4455,,,0.095708333,94887225,,,
516, 2025-09-04 13:18:35,184.961,0,79.6,3.497,,,0.097138889,94503510.94,,,
517, 2025-09-04 13:18:35,184.21,0,79.8,3.497,,,0.097138889,94119796.87,,,
518, 2025-09-04 13:18:36,183.43,0,80.1,3.5094,,,0.097483333,93721265.62,,,
519, 2025-09-04 13:18:36,182.649,0,80.3,3.5094,,,0.097483333,93322223.44,,,
520, 2025-09-04 13:18:36,182.249,0,80.4,3.5094,,,0.097483333,93117848.44,,,
521, 2025-09-04 13:18:36,181.849,0,80.5,3.5094,,,0.097483333,92913473.43,,,
522, 2025-09-04 13:18:36,181.438,0,80.6,3.5094,,,0.097483333,92703478.12,,,
523, 2025-09-04 13:18:36,180.618,0,80.8,3.5094,,,0.097483333,92284509.38,,,
524, 2025-09-04 13:18:37,179.347,0,81,3.525,,,0.097916667,91635107.81,,,
525, 2025-09-04 13:18:37,178.476,0,81.2,3.525,,,0.097916667,91190081.25,,,
526, 2025-09-04 13:18:37,178.035,0,81.5,3.5718,,,0.099216667,90964757.81,,,
527, 2025-09-04 13:18:37,177.135,0,81.6,3.5905,,,0.099736111,90504914.06,,,
528, 2025-09-04 13:18:37,175.754,0,81.9,3.5905,,,0.099736111,89799309.38,,,
529, 2025-09-04 13:18:38,175.754,0,81.9,3.5905,,,0.099736111,89799309.38,,,
530, 2025-09-04 13:18:38,175.273,0,82,3.5905,,,0.099736111,89553548.43,,,
531, 2025-09-04 13:18:38,174.803,0,82.1,3.5905,,,0.099736111,89313407.82,,,
532, 2025-09-04 13:18:38,173.842,0,82.3,3.5905,,,0.099736111,88822396.87,,,
533, 2025-09-04 13:18:38,172.361,0,82.5,3.6045,,,0.100125,88065698.44,,,
534, 2025-09-04 13:18:38,171.34,0,82.8,3.6045,,,0.100125,87544031.25,,,
535, 2025-09-04 13:18:39,170.319,0,83,3.6559,,,0.101552778,87022364.06,,,
536, 2025-09-04 13:18:39,170.319,0,83.1,3.6559,,,0.101552778,87022364.06,,,
537, 2025-09-04 13:18:39,169.789,0,83.1,3.6731,,,0.102030556,86751567.18,,,
538, 2025-09-04 13:18:39,168.187,0,83.3,3.6731,,,0.102030556,85933045.31,,,
539, 2025-09-04 13:18:39,167.087,0,83.5,3.6731,,,0.102030556,85371014.07,,,
540, 2025-09-04 13:18:39,165.966,0,83.8,3.6731,,,0.102030556,84798253.13,,,
541, 2025-09-04 13:18:39,165.395,0,83.9,3.6731,,,0.102030556,84506507.82,,,
542, 2025-09-04 13:18:40,164.825,0,84,3.6731,,,0.102030556,84215273.44,,,
543, 2025-09-04 13:18:40,164.825,0,84.1,3.6731,,,0.102030556,84215273.44,,,
544, 2025-09-04 13:18:40,163.644,0,84.1,3.6731,,,0.102030556,83611856.25,,,
545, 2025-09-04 13:18:40,162.433,0,84.4,3.6871,,,0.102419444,82993110.93,,,
546, 2025-09-04 13:18:40,161.822,0,84.5,3.6871,,,0.102419444,82680928.13,,,
547, 2025-09-04 13:18:40,161.822,0,84.6,3.7385,,,0.103847222,82680928.13,,,
548, 2025-09-04 13:18:40,160.561,0,84.6,3.7385,,,0.103847222,82036635.93,,,
549, 2025-09-04 13:18:40,159.921,0,84.7,3.7385,,,0.103847222,81709635.94,,,
550, 2025-09-04 13:18:41,158.62,0,85,3.7541,,,0.104280556,81044906.25,,,
551, 2025-09-04 13:18:41,157.949,0,85.1,3.7541,,,0.104280556,80702067.19,,,
552, 2025-09-04 13:18:41,157.268,0,85.2,3.7541,,,0.104280556,80354118.75,,,
553, 2025-09-04 13:18:41,156.558,0,85.3,3.7541,,,0.104280556,79991353.13,,,
554, 2025-09-04 13:18:41,155.837,0,85.4,3.7541,,,0.104280556,79622967.19,,,
555, 2025-09-04 13:18:41,155.077,0,85.5,3.7541,,,0.104280556,79234654.68,,,
556, 2025-09-04 13:18:41,153.405,0,85.6,3.7541,,,0.104280556,78380367.19,,,
557, 2025-09-04 13:18:41,152.395,0,85.7,3.7541,,,0.104280556,77864320.31,,,
558, 2025-09-04 13:18:41,152.395,0,85.8,3.7728,,,0.1048,77864320.31,,,
559, 2025-09-04 13:18:41,151.053,0,85.9,3.7728,,,0.1048,77178642.19,,,
560, 2025-09-04 13:18:42,149.182,0,85.9,3.7728,,,0.1048,76222678.12,,,
561, 2025-09-04 13:18:42,142.957,0,86.2,3.818,,,0.106055556,73042092.18,,,
562, 2025-09-04 13:18:42,125.833,0,86.4,3.818,,,0.106055556,64292798.43,,,
563, 2025-09-04 13:18:42,118.747,0,86.6,3.8367,,,0.106575,60672295.31,,,
564, 2025-09-04 13:18:42,103.955,0,86.8,3.8367,,,0.106575,53114507.82,,,
565, 2025-09-04 13:18:43,88.242,0,87,3.8367,,,0.106575,45086146.88,,,
566, 2025-09-04 13:18:43,72.089,0,87.2,3.8367,,,0.106575,36832973.44,,,
567, 2025-09-04 13:18:43,51.262,0,87.4,3.8601,,,0.107225,26191678.12,,,
568, 2025-09-04 13:18:43,39.933,0,87.6,3.8601,,,0.107225,20403267.19,,,
569, 2025-09-04 13:18:43,34.578,0,87.8,3.9411,,,0.109475,17667196.88,,,
570, 2025-09-04 13:18:44,29.394,0,87.9,3.9645,,,0.110125,15018496.88,,,
571, 2025-09-04 13:18:44,19.696,0,88.1,3.9645,,,0.110125,10063425,,,
